date,total_sales,google_display,google_search_brand,google_search_nob,facebook_pr,facebook_rt,google_discovery,bing_search_brand,bing_shopping_feed,pinterest_viz,pinterest_pr,pinterest_rt,google_pmax,promo,weekday
2021-01-01,46210.28711110737,36.94634467928535,710.4164109807826,617.4830617680198,557.7030684739789,468.0773818404182,3.328230246796399,60.74277844033165,124.34253604167112,0,0,0,0,bau,Friday
2021-01-02,46712.19008184453,39.56208749667502,721.2609243278335,794.87941001782406,443.70174262150096,446.41301805464207,0,61.67839567732969,122.20762901101325,0,0,0,0,bau,Saturday
2021-01-03,39773.30212433069,39.07434128809743,671.4282046042628,893.8280101631881,375.279515001563,476.58785563428427,17.00062639394587,49.86880122878473,144.51654083948094,0,0,0,0,bau,Sunday
2021-01-04,39348.32059371488,34.76351213159637,681.7365944622201,880.0254544545121,818.0117561704022,975.4209864639727,29.348815534860062,57.53895907834491,157.49159471708225,0,0,0,0,bau,Monday
2021-01-05,0,39.55135576432636,654.9865005737419,971.3025778249355,1110.1759049872235,1233.8060321424928,35.05642057224486,60.620276732056695,192.2615464632424,0,0,0,0,bau,Tuesday
2021-01-06,45386.372721282496,36.002810435947474,614.2696120906301,606.5921993805604,1076.5213684499404,1319.7432644368278,24.295160134540158,68.76610425055269,150.6671966059077,0,0,0,0,bau,Wednesday
2021-01-07,46069.73071294933,75.14747837132425,518.1340628701855,560.2356931149731,1144.3708563060463,1341.5010812188264,1.938890099135036,73.19200538007348,158.9589629422569,0,0,0,0,bau,Thursday
2021-01-08,58712.29480278308,78.54403358246446,654.3988862997205,1038.736844395577,1188.486151056652,1399.5291503653657,22.112306738003948,93.48488458849359,155.7926398044996,0,0,0,0,bau,Friday
2021-01-09,57861.61499926217,73.30243402139274,725.4917433677056,1643.7938494422401,1142.6443540114221,1362.9442134224084,53.83903251634878,74.3287636159592,172.99235841522108,0,0,0,0,bau,Saturday
2021-01-10,49069.347390479925,98.64677764069167,728.3489044219285,1960.4784682866862,1181.3614486991844,1333.991452453769,43.93155931482963,71.47506581622086,198.47990015760186,0,0,0,0,bau,Sunday
2021-01-11,41406.75964381184,88.90084144977745,644.7803869291621,1395.9456929645612,1165.523546337059,1327.1343937749748,34.276971351684836,81.64250471322593,205.98177262773513,0,0,0,0,bau,Monday
2021-01-12,51129.78831762933,156.84862613056015,611.1590911156227,1578.956412743283,1214.5253961240292,1300.2490085250397,37.0782058890858,78.71531826929126,194.1528773289564,0,0,0,0,bau,Tuesday
2021-01-13,60857.35087256535,154.41027529242984,669.3792403301551,1542.8220093580828,1134.9533038586,1337.6413155653247,30.768648444405468,71.03455272747173,203.9916243956674,0,0,0,0,bau,Wednesday
2021-01-14,55341.080400177816,151.8356690279076,621.8261852940542,1310.4790767818483,1178.119856371197,1386.995477568573,51.26323909448959,94.70183431332289,184.44104500419144,0,0,0,0,bau,Thursday
2021-01-15,59515.745331008446,145.80619872720004,664.3688766311208,1102.5320780201328,1266.3106451994224,1366.4408363780185,11.783101656564478,84.7801463996316,176.2676936649859,0,0,0,0,other_sale,Friday
2021-01-16,55877.10597408393,160.82852585662698,631.0477358010226,1235.0290374524898,1305.0328434221005,1491.2281904836748,0,61.5686620148023,192.19137252163807,0,0,0,0,other_sale,Saturday
2021-01-17,59054.96523471507,99.21848333886906,690.1303333214802,1188.6264999988475,1175.9913342896548,1284.4202220333632,8.470640103047877,84.12969707803683,196.76753264019945,0,0,0,0,other_sale,Sunday
2021-01-18,38945.81490007635,95.36314019785367,620.4153719871161,1010.3409910010029,1124.3768489061838,1278.827805168266,21.350427628892433,66.29886742468193,223.00188230669897,0,0,0,0,bau,Monday
2021-01-19,34330.51586247319,113.47888486254772,630.1386735479633,1058.0109628258415,991.9372483755933,1204.763132715149,22.791504258167198,60.18796161214032,174.27165541842095,0,0,0,0,bau,Tuesday
2021-01-20,35872.83346369328,112.6955978283871,626.5714175712122,863.3896436248987,719.0656370000715,1096.025833169743,34.33125824902014,78.95880475332505,155.84752847877357,0,0,0,0,bau,Wednesday
2021-01-21,42463.604818197084,116.9590511710545,585.468097510793,880.0895961750384,680.3464124284221,1153.619317425455,6.11365532376304,75.42901834697622,145.85646576451362,0,0,0,0,bau,Thursday
2021-01-22,38970.16999438714,146.67272905144856,528.9779538296943,777.2489705341483,726.1462226642238,1193.4182249905637,23.22563728679362,72.52383835841951,169.37783694852303,0,0,0,0,other_sale,Friday
2021-01-23,45347.39343963443,144.20035650110742,684.554110969782,972.4464590098228,840.1101034304642,1257.738013126938,11.931253508724678,63.33369232831209,152.17522382234213,0,0,0,0,bau,Saturday
2021-01-24,52809.87125058929,148.03703289697316,748.5343679043144,1323.5904228285124,795.1499294828157,1120.8321856170935,18.70414465589627,53.31225828282627,189.49685713668183,0,0,0,0,bau,Sunday
2021-01-25,41354.71313650534,155.26865376770044,651.1691833633907,970.6474065570826,793.082318367958,1069.9880906142205,24.525118610228265,71.95278057087185,159.76301602284687,0,0,0,0,bau,Monday
2021-01-26,61324.127262999515,216.81041407290175,642.5363573017562,823.3726659383892,674.7696231007683,1143.50138804797,12.503107537118677,93.62710757456577,172.54341822423626,0,0,0,0,big_sale,Tuesday
2021-01-27,63304.4746249823,205.27295961061702,616.3306761402473,834.7603788099842,808.4330123787486,1203.217598132187,57.07178121771216,76.39404631437917,151.66622987903375,0,0,0,0,big_sale,Wednesday
2021-01-28,52370.48622255115,202.7387733217544,642.9301738843328,685.5234049656498,839.4874374881047,1107.2071662898136,52.04892416928837,92.41509696069816,168.77177331944696,0,0,0,0,big_sale,Thursday
2021-01-29,63727.80618619788,199.39352855084095,622.4756811040141,890.9449070717707,818.4132805669946,1157.1937418951193,60.565590113697624,86.99168671498182,174.07689295795268,0,0,0,0,big_sale,Friday
2021-01-30,53771.31341313539,198.67903387607117,634.1660101023298,1001.5708567014647,908.021924104432,1248.3029113449481,53.48806770847167,64.38437835485156,153.80777897816083,0,0,0,0,big_sale,Saturday
2021-01-31,79876.43232627913,217.6251829843997,710.1162282484236,898.7726230285102,1390.9404529140952,1507.0277415628489,48.50516616916548,89.84425781946611,174.99561782001285,0,0,0,0,big_sale,Sunday
2021-02-01,61947.75563638119,253.92800528684984,783.8748168978827,1016.174917664464,1285.3053630028085,1409.5807183509467,136.65810491935252,86.56553946778656,193.64417545274935,0,0,0,0,other_sale,Monday
2021-02-02,0,307.2739298158826,658.9907317672125,1233.4952640590448,1108.6779541056424,1136.5742458429352,138.26280698695717,77.00459890400495,202.21177510041156,0,0,0,0,bau,Tuesday
2021-02-03,48253.93599399059,279.05884590167847,643.2460002090875,1217.5000001669544,1119.8881818878,1113.1542839590388,139.73342618934126,76.2692492106658,170.65942493312892,0,0,0,0,bau,Wednesday
2021-02-04,44477.33903399836,292.91052572678257,753.5270851517319,1243.4045718975099,1236.7169131363755,1150.516476605217,404.859100513361,89.5977717664086,185.46687166831427,0,0,0,0,bau,Thursday
2021-02-05,45393.198219152546,258.80847313705027,641.9510912427633,1145.4166389017946,1094.6618269403618,1204.1162369102135,173.30078104048775,92.45728178399675,143.5901404446167,0,0,0,0,bau,Friday
2021-02-06,47791.254853344304,264.66718609049025,699.8302629133375,1038.3917755068594,1155.6261922837928,1233.6367149155471,118.38038818416979,65.27937891390579,160.85536760901698,0,0,0,0,bau,Saturday
2021-02-07,48637.82518717412,277.73064502866777,682.3590993966599,1119.057615817813,1194.0351714127235,1180.7011218761604,27.079226727616913,88.88190141838318,175.32480297146512,0,0,0,0,bau,Sunday
2021-02-08,42055.89058931983,275.3648319513907,668.1890994185768,1029.499934213549,1208.2905078049225,1133.151678357784,45.442557952477316,87.99157027944656,147.4933655167502,0,0,0,0,bau,Monday
2021-02-09,45735.120931883714,190.8888532255246,625.3977230546487,926.8004146932022,1152.936467645583,1142.0725031614913,49.645802328515,95.98203731989457,155.42869915568838,0,0,0,0,bau,Tuesday
2021-02-10,47803.46183190523,159.63173831412743,678.9487564564342,819.9483540989445,1270.2048386628044,1259.5073081216199,19.78935815756222,88.68353084416457,201.03890354571683,0,0,0,0,other_sale,Wednesday
2021-02-11,44118.39193261019,166.13778166786815,655.6076565414428,728.8692451354855,1078.8489117785834,1116.051701421444,42.14665627973504,81.86912485093303,164.27599841296802,0,0,0,0,other_sale,Thursday
2021-02-12,45320.82579766089,161.62300311170728,686.9217117652735,621.6139527944774,1140.9569271699766,1092.9932709970897,0.5117759858358397,89.23570029873962,151.33155380567672,0,0,0,0,other_sale,Friday
2021-02-13,33690.608076929006,173.6566392613288,623.6769362586091,609.8085208529986,1145.8529379880365,1165.0761353057758,13.829307088525344,71.51731385052668,124.88654377714288,0,0,0,0,bau,Saturday
2021-02-14,34415.72919312605,151.2946783298317,613.0621688850138,670.3199373086694,1088.6495746598562,1147.3818083583174,24.019612082653083,68.07736273793833,120.40684835862929,0,0,0,0,bau,Sunday
2021-02-15,39222.21689651355,152.6607742108212,599.8906601276094,788.099362524533,909.8758044405553,1184.8718977760732,25.24738549914946,71.31499407352757,145.42135011553964,0,0,0,0,other_sale,Monday
2021-02-16,37527.2553940061,166.2826432819957,552.8070698608942,634.0579697089128,835.6011754449679,1279.05707022923,30.801379889782062,73.41067782804866,137.80189140762073,0,0,0,0,other_sale,Tuesday
2021-02-17,41740.4255528551,176.1569461669384,716.4803330674829,893.4684268219934,815.6365940433842,1263.0852131922204,33.90310140755248,79.130810681114,145.20722628497657,0,0,0,0,other_sale,Wednesday
2021-02-18,51234.93970215229,180.11242214339126,708.1302482223385,929.4362415549884,893.5744495477477,1425.7356742130548,31.892964526003674,92.82683780839389,126.71936078524963,0,0,0,0,other_sale,Thursday
2021-02-19,86848.92956377706,170.88272209927456,755.9087631027162,1014.9865122915322,844.5551558093443,1447.5377644983423,124.03095298888073,108.55678885696186,141.85147654367174,0,0,0,0,other_sale,Friday
2021-02-20,98762.64072925638,155.13594431240801,762.1713469153285,1021.4465465663387,960.9218123860537,1526.5724444295079,393.1345277919149,99.34733378865408,125.82008253546846,0,0,0,0,other_sale,Saturday
2021-02-21,101651.60082310505,155.75910161727572,820.1911691619985,1253.3889974671258,1039.9672106086032,1566.3499211351955,383.6721952129633,89.84879204193015,130.5717363812345,0,0,0,0,other_sale,Sunday
2021-02-22,63393.49253563571,167.63501757210977,797.631080341879,1086.9888808820322,1043.3732413403195,1552.7213487677293,531.0341580671712,94.64058599483675,165.33490090194914,0,0,0,0,bau,Monday
2021-02-23,57760.685787018025,171.31592628998843,665.2938344028412,782.1191522850131,996.1232716582018,1554.9563029488056,40.37102744584176,93.39052032545722,145.87362207758008,0,0,0,0,bau,Tuesday
2021-02-24,63855.69724287819,145.57428394821198,710.8277613343012,1185.72923678235,981.8967376828124,1529.4475995880769,0.7836519442894172,107.04834681015207,166.11033209860315,0,0,0,0,bau,Wednesday
2021-02-25,55088.45195645091,139.6192263793526,656.9474002421662,1568.855295727756,970.1660362165203,1503.9012191548597,23.1429213525964,85.92883086389722,165.62497299506174,0,0,0,0,bau,Thursday
2021-02-26,50532.92600382771,136.01047363452832,677.7536711395569,1151.5082961860624,1000.217107662838,1592.028909614986,44.05910665485355,102.51514665027733,140.23985580130756,0,0,0,0,bau,Friday
2021-02-27,49170.71725519579,126.80642825503136,705.5905527956905,1043.360528512651,1130.5689362427484,1576.147173454234,26.498771339712437,65.99520586954674,106.47829889598397,0,0,0,0,bau,Saturday
2021-02-28,45276.750207995115,124.61518673721,883.6038243567828,1052.2629962730455,1263.7178577581778,1538.583282481135,41.603911645346734,91.62929808815781,120.08394464985165,0,0,0,0,bau,Sunday
2021-03-01,47338.32974207107,147.06989061790145,737.2139065450749,1097.4822713688177,1079.2149739628564,1546.7787627623916,37.02159674604793,114.88975609809121,150.29805788943477,0,0,0,0,other_sale,Monday
2021-03-02,0,157.95801607713832,659.0969529927178,1072.848795347772,1132.0372495986185,1524.3094422428633,37.77663326871942,94.92634171754707,135.45347087049498,0,0,0,0,bau,Tuesday
2021-03-03,57917.66991098672,152.18762898190127,636.719628890568,1066.5241489945356,1082.8896699897637,1369.1048871465232,7.315542230432423,99.15079240256131,120.66543980636499,0,0,0,0,bau,Wednesday
2021-03-04,57787.70773820637,142.13216624901864,691.8192762421835,987.3417298947592,1038.7849631260003,1371.8151078685341,32.482498467358695,102.77406947789804,129.1146883177731,0,0,0,0,bau,Thursday
2021-03-05,59619.784006775546,143.87404502302653,633.6511545594602,1084.397871742674,1035.7217599749558,1345.91629419323,30.62817813110421,83.49320903361547,124.69924857790504,0,0,0,0,other_sale,Friday
2021-03-06,48243.45591321241,142.13390719575273,661.3197060088273,1508.75841616015,1173.1429062220154,1445.7272822726839,24.54429649903683,75.36326085814447,105.43102016140134,0,0,0,0,other_sale,Saturday
2021-03-07,46235.593569915894,141.20868376747364,730.5859330043298,1483.4077411896137,975.0333513172465,1373.6781733829068,46.724602044803916,94.82514582784817,78.40658725260187,0,0,0,0,other_sale,Sunday
2021-03-08,48081.52501919942,158.08579993558382,655.4472827232775,1320.3966360202057,978.7850861852045,1357.809207866295,0,91.69241929574821,122.15219483821916,0,0,0,0,bau,Monday
2021-03-09,42440.723081861186,101.3048751679117,621.3500366414473,1145.2681112556377,1106.4018019665145,1427.4198407858325,8.49882210389621,96.80825395935473,111.00458713619611,0,0,0,0,bau,Tuesday
2021-03-10,54301.77501531249,91.56833161228279,678.9245212005487,1374.701852274006,919.1272154458524,1430.516397948375,51.368514140863624,89.81243843931763,130.94789038490993,0,0,0,0,bau,Wednesday
2021-03-11,55978.14876382726,88.08948824737068,721.1322406659738,1311.738595024512,1113.6164721689136,1430.963252429908,3.94364605439415,87.81314415918996,128.0471079980156,0,0,0,0,bau,Thursday
2021-03-12,62963.40572576041,65.82953682479712,725.0370858684743,1179.1941271201772,1023.4372481005098,1391.1502596231626,10.389968612662688,93.55184635282757,103.30384059994466,0,0,0,0,bau,Friday
2021-03-13,68521.00933133565,70.23207599245697,777.9358631844558,1311.9009725733176,926.4324110196516,1349.5377908233095,29.13768656883577,79.2964922275322,119.60967564457265,0,0,0,0,bau,Saturday
2021-03-14,51531.05667118386,63.617141453859375,780.4518317439174,1450.6561645111567,836.0072311343376,1371.265413117508,5.882996013256375,73.33694427618298,116.59207426406748,0,0,0,0,bau,Sunday
2021-03-15,49056.73250898985,68.29433492397499,667.342469205665,1702.8757678807783,892.2070895208747,1396.9439642400698,22.245799352246635,86.76054718579472,145.80800538786755,0,0,0,0,bau,Monday
2021-03-16,594348.1569099181,81.1732867135776,723.0718584026938,1631.9367418255256,950.8159416532613,1454.9449111278273,23.661335177486407,99.24972019091051,149.09194326409542,0,0,0,0,bau,Tuesday
2021-03-17,82256.02371003016,68.06341761105878,818.7044886588232,1722.413856366723,926.1224646730466,1424.3973748217468,17.420925472495217,117.59252363614257,111.4298182775154,0,0,0,0,bau,Wednesday
2021-03-18,102766.60436546656,73.23728744468859,768.9567282634747,1542.4246847704567,878.2940677430965,1425.1267716518282,8.641478867202373,121.48731536175305,119.33816877321155,0,0,0,0,bau,Thursday
2021-03-19,184201.4516429773,62.653089160477506,1488.2228667331785,2167.102495291324,867.2171873422645,1304.1699907675963,21.15996690758456,135.3090500379472,109.55467191591931,0,0,0,0,other_sale,Friday
2021-03-20,501319.15541519603,7.061113746085258,3313.4322503722046,613.020922624932,195.6022897995951,235.6697009538201,0,271.25936140224655,121.5905497213789,0,0,0,0,other_sale,Saturday
2021-03-21,99479.9076276527,0,357.0802460491784,419.48955526780696,1061.965014612004,1440.5488619570815,3.109119784570135,113.49664634312968,99.61223944155446,0,0,0,0,other_sale,Sunday
2021-03-22,83011.28058300987,57.22818208907996,1541.1551713826484,3924.8861851371234,955.0751047545301,1434.002780195859,31.98250219626997,149.04488348508266,113.2479473375039,0,0,0,0,other_sale,Monday
2021-03-23,59632.89457745401,58.9481602114598,1396.8556375433989,2871.8499348911914,440.5553488662631,830.0456644468236,12.482198598834813,123.40341734504568,118.0892125902146,0,0,0,0,bau,Tuesday
2021-03-24,50396.513043078055,58.5686933850244,872.0617222320344,2064.835271087391,379.41720682957725,691.370371059282,19.893865377488943,96.62925370757566,124.2715773679996,0,0,0,0,bau,Wednesday
2021-03-25,41023.711047619545,47.236517234268376,733.0179704576674,1400.9120930095391,297.44769856967366,680.1024828588353,27.055584121774032,88.7352765938741,89.66473600254943,0,0,0,0,bau,Thursday
2021-03-26,35592.471402229625,47.12836361706921,530.0424408895148,1221.480143281249,369.49852009191903,710.2258289511341,0,80.31858785491778,73.36410890299983,0,0,0,0,bau,Friday
2021-03-27,37183.21846466294,40.25268765409054,448.09207774607194,1201.0170631549784,355.8413904745044,804.7145729674951,42.71975641082092,65.06035001204323,65.08047965567566,0,0,0,0,bau,Saturday
2021-03-28,35083.032286048285,32.702259678206325,455.1217587310838,1433.402526444279,438.042732313957,769.0724509700403,27.07612762936388,100.30612100377313,66.45275918800091,0,0,0,0,bau,Sunday
2021-03-29,32856.25614695573,41.161201387151394,436.40100140316645,1054.6647520613133,366.16781112972023,719.1576197802724,34.12904367871366,78.28481392228979,78.15246764566058,0,0,0,0,bau,Monday
2021-03-30,26866.91918831436,38.79634299169981,444.316887960168,1134.7588128853645,341.6740125946061,725.5291189114722,9.507116552861731,65.71601185031318,92.72885343693291,0,0,0,0,bau,Tuesday
2021-03-31,37534.748904301865,49.39431015072615,433.88177248197854,1152.3980808622327,973.5086498788373,1221.1351167899031,23.708635979477442,93.2207883587589,71.08547647654005,0,0,0,0,bau,Wednesday
2021-04-01,36652.962135281385,50.00097109935788,441.8997679644828,921.5799352766816,866.6990102732384,1270.1499347101096,36.60502327416544,87.56787784924687,71.96537809500742,0,0,0,0,bau,Thursday
2021-04-02,41426.898522664844,42.274438751617296,401.61027425315626,972.8666712142712,1007.9172736187509,1301.8930508088872,17.38436745420988,73.14923796649953,79.44842308530482,0,0,0,0,bau,Friday
2021-04-03,34751.508811789994,44.18385278887009,363.0706991030828,854.0113334327144,1024.2503631831426,1381.4066084332967,20.046837358530148,69.00411053173046,68.40175509168297,0,0,0,0,bau,Saturday
2021-04-04,32969.65702226513,33.36814490942192,348.6307646466724,843.7796414688681,860.3566054592992,1332.7994619103047,28.24024181377402,48.95444870512471,48.99248431464506,0,0,0,0,bau,Sunday
2021-04-05,36702.18979409408,51.667900076735066,422.8751096915095,934.4616617908595,983.5027969885639,1445.1629672699498,32.489079993300294,66.01078086675021,83.5719403110202,0,0,0,0,bau,Monday
2021-04-06,0,59.11255129544508,421.5216107342302,847.2732063404894,940.4955724574477,1424.2782820709626,0,53.3042382925069,66.07213795912847,0,0,0,0,bau,Tuesday
2021-04-07,45075.352556952574,56.633550816584126,455.85414984860773,987.3179171891702,894.1221940783291,1428.004397140662,57.91886289429121,64.02877033744633,79.7509646210933,0,0,0,0,other_sale,Wednesday
2021-04-08,45407.98004994247,49.97801820231761,456.7226546282064,930.9031500861679,907.7768161222134,1287.9827608363137,58.8375346152591,74.97531673973701,84.23948230354664,0,0,0,0,bau,Thursday
2021-04-09,42909.180473542845,34.134035873352865,470.6160831036286,764.1941889740997,979.5845614633479,1569.4543165888977,28.76377340637323,77.69122592259883,75.02288181962165,0,0,0,0,bau,Friday
2021-04-10,46589.849054172075,33.02782504360674,455.66986430195425,890.3614014202122,1004.8628028429583,1570.8411853634625,25.942044926566044,53.37060892059113,72.478701070654,0,0,0,0,bau,Saturday
2021-04-11,35228.806457853934,35.267924653640314,493.60430911504665,1110.580309914681,1018.3211558865105,1465.487268898608,21.437622698028992,71.02554705441227,93.21348263076746,0,0,0,0,bau,Sunday
2021-04-12,34181.449129852386,45.88721525414249,498.97746845299844,1126.4645823193098,983.4919725833848,1433.246508950414,19.98730661366249,79.64511049074788,86.40616989502224,0,0,0,0,other_sale,Monday
2021-04-13,35992.0453334166,46.49253821653432,565.614588441956,926.6965144445899,999.6334630664307,1565.7072706799202,15.704517820528462,79.61412919177624,100.61246483814249,0,0,0,0,other_sale,Tuesday
2021-04-14,37709.25961789389,43.928328293398415,566.5300542484845,1008.4089152476893,982.3919383445868,1549.6221913912489,48.629614503972874,82.37723847625844,111.61355106132396,0,0,0,0,other_sale,Wednesday
2021-04-15,43754.02502557527,40.217385956540696,632.8461184424303,1014.6816799093029,992.8424081656536,1550.9917940036019,50.399365019033965,96.87032312814978,90.8831302976212,0,0,0,0,other_sale,Thursday
2021-04-16,37918.22139115326,46.50392028325947,647.1210715925008,786.3112231045573,1185.0487504403004,1735.3748460398738,50.52333012325964,76.65821749184015,117.89649490379733,0,0,0,0,other_sale,Friday
2021-04-17,37997.256849026526,36.41195802936821,702.1217857737978,710.5030020833312,1164.4426099182406,1754.91460158196,14.430986862942184,61.49366229584349,103.61237117490012,0,0,0,0,other_sale,Saturday
2021-04-18,36477.22239739808,42.301154778817676,824.4347126227574,644.8838465426976,1213.30383706601,1835.725911170191,28.494923533311137,68.15287834477614,75.57458417614339,0,0,0,0,other_sale,Sunday
2021-04-19,31101.086180623774,49.41645476962476,789.1033788300383,832.5859183768088,1135.3041761008058,1802.8458883583646,18.219714198899517,76.15298154382519,104.8137236203548,0,0,0,0,other_sale,Monday
2021-04-20,35549.22334620328,49.175607373867535,758.8722693756306,878.2339800926075,1209.0354846341224,1851.7128827766994,16.01744336817297,106.37631732461993,105.17519098247135,0,0,0,0,other_sale,Tuesday
2021-04-21,51766.659055217264,57.938272473070406,824.5790826905076,984.4015498051255,1183.3702509948105,1843.4887711834085,24.467657518616384,118.23462401066242,114.98314491450738,0,0,0,0,other_sale,Wednesday
2021-04-22,44822.66291669595,53.81429581343247,758.4826857087837,1001.0133045051897,1204.061462528415,1854.8890600228458,12.265571913368138,96.74800367765943,91.75125193539913,0,0,0,0,other_sale,Thursday
2021-04-23,41705.922912388676,38.455929140466935,677.8630542772023,850.8358477036276,1165.9116448102911,1854.930459928122,45.082167211588995,101.53621305353361,106.59383011693097,0,0,0,0,other_sale,Friday
2021-04-24,45244.04079517468,43.44665189591983,722.8761566455139,747.720777819802,1187.892825067907,1952.401968472474,24.62899867008671,79.10868481802554,94.3699199624598,0,0,0,0,other_sale,Saturday
2021-04-25,42471.80176533983,40.09410097690112,714.585281608054,758.9553751019139,1280.2888928045652,1880.6668292040013,78.47718059262317,101.02449448930909,108.98868465180296,0,0,0,0,other_sale,Sunday
2021-04-26,62177.766266899256,48.69120415418965,941.0155649412757,981.4252685035112,1198.6769107689636,1943.0451429647258,30.461930459802264,121.48498395246094,103.21619264425098,0,0,0,0,big_sale,Monday
2021-04-27,65096.45609687654,54.38535981314672,850.8642322943715,928.9926835265974,1332.4270005628266,1976.099111936277,35.69069784478843,110.4880819820644,94.6998119434602,0,0,0,0,big_sale,Tuesday
2021-04-28,68531.3550351282,42.696334521419104,954.6810040093641,1276.9816044084005,1283.0583075107627,2016.8502770333844,31.349615857983096,101.99939074550838,112.56394049376588,0,0,0,0,big_sale,Wednesday
2021-04-29,52579.183180162414,54.832906468363646,904.1830961884806,1288.8935191234377,1197.9875609689218,1793.5642754377604,17.37352654767948,102.91252800930354,94.82286987698417,0,0,0,0,big_sale,Thursday
2021-04-30,59826.330915076716,37.80713241944186,865.0318498208076,1305.9189130498262,1077.0287529953998,1730.5049213669522,17.097672502401863,130.5094349844419,90.76470685312016,0,0,0,0,big_sale,Friday
2021-05-01,43090.66146605677,38.815534527970854,727.0019346718257,1265.5628431320245,1135.7457406182787,1820.9280925462103,28.169791433139284,89.6335843006766,81.84819198466182,0,0,0,0,other_sale,Saturday
2021-05-02,40453.14125774356,32.994352916155854,833.0876535934862,1456.7249770101287,1247.2418739376333,1849.9801735366436,45.64540269652386,88.93811503472763,96.65742856597812,0,0,0,0,other_sale,Sunday
2021-05-03,33751.70622436293,30.761065724273962,756.2321147564289,1774.2238196763153,964.3026466913826,1480.8870788782394,21.339853247106305,76.50514860535259,89.56006449800726,0,0,0,0,bau,Monday
2021-05-04,0,40.84732782948016,743.1005620943397,1677.7601933944036,897.701666478931,1397.4960350365286,43.734050322012045,76.84128004523465,116.48416052163972,0,0,0,0,bau,Tuesday
2021-05-05,37008.72891490491,45.283305167944896,821.3581541581747,1625.2365015815153,884.7218307794872,1462.614155839454,53.34471065610629,79.67596667718857,73.95998852596497,0,0,0,0,bau,Wednesday
2021-05-06,45489.23833347777,53.23964589558028,667.7571858543508,1432.9480592931236,941.7779670166698,1446.317521442858,26.60034582578965,85.81632652173245,94.8726383153437,0,0,0,0,big_sale,Thursday
2021-05-07,45257.700425560026,37.50419041758067,667.0344183438107,1331.8328317360883,945.5663780442724,1506.7978859735283,15.521728514969414,68.13123626306583,79.69211676909593,0,0,0,0,big_sale,Friday
2021-05-08,38910.805112248934,36.27229253618279,616.8903768581346,1219.5036277286088,929.9204471494068,1587.33553808883,32.488293651784765,59.929969510415546,72.13954606771789,0,0,0,0,big_sale,Saturday
2021-05-09,44631.46942301781,29.99216940360298,685.2514012341687,1241.835211167984,945.040324364201,1435.25174832713,30.063591273464503,70.1067135386785,70.00982777793453,0,0,0,0,big_sale,Sunday
2021-05-10,44444.44776073876,34.667473524098014,917.3943660796248,1566.4628219246301,929.969640403067,1512.6200518940955,39.34859123235975,99.86875219836298,110.53348025940025,0,0,0,0,big_sale,Monday
2021-05-11,44664.93713492927,35.02085046761452,742.8263842280805,1786.135410829242,958.4018240624429,1473.575819867189,21.650791692940025,87.11331090880194,77.06220541145511,0,0,0,0,bau,Tuesday
2021-05-12,48121.657575710924,38.14214061631494,902.8555488709391,1685.6499986899978,886.7422860107955,1514.118315726375,25.755742022156646,95.01829209393901,95.65747013794295,0,0,0,0,other_sale,Wednesday
2021-05-13,41360.983163235,37.372856318435865,863.7211743923335,1679.0899887738371,930.2963367615974,1474.730589725727,42.55288727688074,91.36579344863972,103.19773606531638,0,0,0,0,bau,Thursday
2021-05-14,44628.73024593943,34.05708818924968,759.2586397074117,1505.816386550547,793.4874861933137,1542.020689393165,21.51349879182184,77.29165712602709,91.46166096159914,0,0,0,0,other_sale,Friday
2021-05-15,41562.442294677574,33.48387128172945,677.4557477566292,1884.441596803956,875.1542292828738,1601.400902776427,38.57877974546447,62.690594064208256,82.84392567746814,0,0,0,0,bau,Saturday
2021-05-16,32203.962368869656,31.420895106820844,858.7280692085808,1887.120468818045,858.5072809255367,1537.9961691635133,42.2616180396906,86.17644128158918,79.27803698889845,0,0,0,0,bau,Sunday
2021-05-17,39867.562846219625,36.91035198071341,958.1980147103583,1923.6185453324304,921.8480993591995,1459.1931403459785,31.239610284024213,133.65510545394753,92.52202295463796,0,0,0,0,other_sale,Monday
2021-05-18,40933.947019394764,33.57863891991609,801.1914616117273,2090.5992066830054,908.0407075412301,1501.1833096601297,36.86305174318521,95.43463931612568,79.34170006636326,0,0,0,0,other_sale,Tuesday
2021-05-19,46920.95065644183,39.233148015434374,771.1001739450448,1650.3861561651536,1040.2842226091677,1867.3208769152875,40.441177101458294,124.02249946352781,105.66109739978658,0,0,0,0,other_sale,Wednesday
2021-05-20,40728.49108885262,37.151648046781624,689.626517922757,1671.7342323496919,1164.2021497873816,1936.8640815313097,42.001053394478376,102.02487780936025,90.01996591147554,0,0,0,0,other_sale,Thursday
2021-05-21,38875.5712830566,34.74052419425636,621.4312759399035,1446.3209920171462,927.8163799822845,1475.8244282053956,39.06379847824988,84.16893492728438,92.84930495557045,0,0,0,0,other_sale,Friday
2021-05-22,38775.11248751986,23.853172544330423,595.0262855848944,1546.126345599325,857.3344804543085,1394.8472764845255,40.117134268298834,86.7087028133658,92.84231126537921,0,0,0,0,bau,Saturday
2021-05-23,35214.720253559746,30.272967885795794,672.0273751744039,1845.051494246057,905.958491177227,1518.7205057751382,18.624496005296983,68.71257402096754,108.05417039765624,0,0,0,0,bau,Sunday
2021-05-24,44637.62107161214,37.491380150692486,683.0895559326921,1552.065420903526,893.0438124078103,1458.9268431541173,14.801830409623772,94.59327806636237,80.5119516509991,0,0,0,0,other_sale,Monday
2021-05-25,78683.61955594164,33.90695436975493,858.0955868768737,1434.1049755621211,970.8367927600351,1447.5437188036947,22.058064848078832,95.31168585070972,94.99789136488788,0,0,0,0,other_sale,Tuesday
2021-05-26,64825.57733436059,40.92559341411403,716.6931406779053,1480.3381513193149,802.9094948086469,1498.8908205601358,23.71342751005853,117.75474741509643,82.02472042073954,0,0,0,0,other_sale,Wednesday
2021-05-27,66631.28084676577,39.39301998992351,677.8011277901354,1371.9972698299816,1245.238034952602,1542.4070779108672,27.050247847922776,102.75200254293485,82.34226404473434,0,0,0,0,other_sale,Thursday
2021-05-28,79526.42134661366,30.659798493830557,805.8883218857667,1189.5440867282655,1493.5853818735957,1560.610904599459,27.26506598587644,90.18914043403606,82.38507365256234,0,0,0,0,other_sale,Friday
2021-05-29,77852.86738277612,28.828029136254,746.3123152389254,1284.2235717859644,1396.6957958782377,1527.1477638558736,27.84619967155823,88.05853365995412,93.1959422679209,0,0,0,0,other_sale,Saturday
2021-05-30,77591.27848040692,25.03765594105755,829.6019765190305,1413.706963950126,1508.2020788056448,1589.741759659928,53.52046252721039,83.3521794372691,76.26559140669836,0,0,0,0,other_sale,Sunday
2021-05-31,101275.32664554821,22.702127563885284,661.6122711485584,1452.6531372060663,1402.4366432766592,1622.5924981586252,57.324552243645726,119.33887413730365,70.70452141406747,0,0,0,0,other_sale,Monday
2021-06-01,0,27.21307573360014,679.9413823072482,1482.4804967134721,853.5000171889235,1486.0408556195025,18.632033739591662,69.29709731818805,91.02898314155223,0,0,0,0,other_sale,Tuesday
2021-06-02,32017.298160763974,34.668951412755455,535.5710265164656,1930.8637307090532,1357.7534705662597,1432.1173548423312,47.67251550370309,91.99865137317457,95.09467739063223,0,0,0,0,bau,Wednesday
2021-06-03,37335.99135470531,40.73042351977682,540.6061448407394,2161.9850285656385,1289.994260442882,1428.1956531786025,61.77854261413664,68.67427535650343,100.8526838725476,0,0,0,0,bau,Thursday
2021-06-04,42012.58211424254,38.148677484921535,534.5370499389796,1565.7713010030523,1374.8149138098665,1344.1773785278292,4.172377988773022,76.44426595060514,88.51830207388758,0,0,0,0,bau,Friday
2021-06-05,42554.59303767757,27.729879195756933,483.89397167271795,1438.2231435711549,1437.3148580899835,1435.2481559990156,26.621647580535083,83.13471376567091,98.4551772972497,0,0,0,0,bau,Saturday
2021-06-06,40279.11524326886,19.23192309115907,476.05212496594913,1645.8803734238984,1374.9285942859801,1441.2540165079238,66.25403411380495,56.00781054398215,79.57987279860504,0,0,0,0,bau,Sunday
2021-06-07,31251.966613469725,33.393229434028605,564.2155465660793,2007.3888983000334,1328.6336214655394,1436.318860346231,24.167115222240042,57.603166059733276,102.73096592141793,0,0,0,0,bau,Monday
2021-06-08,35105.31106067026,39.68151638485803,549.7212382190543,1584.8319636561823,1361.5661254129834,1395.2889054059983,71.67231468569662,63.81828901732819,98.58658456510376,0,0,0,0,bau,Tuesday
2021-06-09,41400.40166219545,40.40864831817251,567.2551841535663,1438.576658335043,1356.7012088212869,1421.1469209862678,35.832285039065816,92.87788833237404,97.70608265613448,0,0,0,0,other_sale,Wednesday
2021-06-10,45131.87227656589,43.08132932863819,647.8388148104275,1300.4101898691974,1282.6800239950483,1390.135418766923,31.993699178050456,69.4882067940328,113.90395239596022,0,0,0,0,other_sale,Thursday
2021-06-11,37937.64280328417,29.933323573124866,562.9172213249567,1074.33042191665,1246.9508753366215,1445.0611269937897,40.31762215786297,64.26965856276085,108.84884905956662,68.73522808704924,219.4138992387727,53.68823997246891,0,other_sale,Friday
2021-06-12,37621.650733975155,13.77177890133051,512.8968735187171,895.7299753209421,1331.1047239630334,1397.5155187016117,29.39090993830735,42.92988246625814,73.11663852606765,79.753788137274,226.3793382184465,52.354006132467354,0,other_sale,Saturday
2021-06-13,45104.380509820105,16.522937898331158,555.9781187116829,919.7929835698163,1455.9277980463846,1547.4305878652067,33.70612407477179,54.45004502607345,68.71810501275009,88.14748207745777,227.90895146508777,54.81390065372637,0,other_sale,Sunday
2021-06-14,32546.90080230896,17.510144144788484,517.2567872503978,726.0006487637806,1482.9809516429357,1491.6055091562453,35.25336277907711,61.8202942948378,103.20893827859061,82.5484298377234,236.58597767185714,50.46069336471342,0,bau,Monday
2021-06-15,32013.40595343618,24.128977479019333,536.6145268621339,589.9802781211296,1332.4014184910354,1484.5299295004863,73.48098536928804,79.54685494758937,106.79837365672539,93.6473929865536,231.3187456801145,50.05781666937728,0,other_sale,Tuesday
2021-06-16,31548.65215057549,12.10077617147089,540.5087369321129,635.4782347601626,1449.3086725065698,1573.6514166629645,36.42042417287723,57.51483349720942,95.83153096107633,99.19076639580037,345.69077605171003,76.13756557170804,0,bau,Wednesday
2021-06-17,30243.034934596202,15.454709841108183,490.499614108359,595.7799676659025,1186.405840909324,1294.6920070466508,21.047763601229416,82.15241869415287,84.66728207357676,108.63137759431382,350.1934206168477,76.78604595053592,0,other_sale,Thursday
2021-06-18,44580.06722242784,20.08848121085392,506.76962990136076,682.6684537634101,1563.6184207684837,1694.5228980458157,4.13654080298015,74.23559683756658,96.21606289592344,110.394212437271,344.6828147275278,80.4530877179023,0,holiday_sale,Friday
2021-06-19,40027.469252510615,18.99725131543341,511.77188055086253,606.6721105156497,1488.1931673551894,1730.1753129402732,40.865358840493386,55.21045748069136,96.555969269347,110.16977832136332,349.7855574445033,80.04690157350143,0,holiday_sale,Saturday
2021-06-20,34387.04770245504,12.82415290968583,443.8339091242401,624.7821985934241,1430.0915282723236,1658.0474992743896,31.742800892223322,70.4612222317244,70.2269340610194,98.02115719362375,339.28320034574114,75.13407069039337,0,holiday_sale,Sunday
2021-06-21,39346.305942925144,20.011824015971392,455.8729012492691,826.2584861513976,1467.5665709100624,1698.8773058630566,15.416367936124718,90.10552635720168,94.86565728528467,107.41115062695808,391.8419306834127,84.69507479531174,0,holiday_sale,Monday
2021-06-22,51730.50188763931,17.459533434086786,523.5082179498022,755.8189533785312,1529.4184838441838,1688.5671709441863,32.32468206679729,76.89939496804477,112.8510588797539,112.72469605379233,395.9794951811372,79.19533935997069,0,holiday_sale,Tuesday
2021-06-23,42993.348788942356,22.886297611832983,509.23563040077227,639.7752217159218,1532.2209931123116,1530.5615771141668,44.12873282128742,71.14707419610333,96.40546226021408,122.7913375394767,398.2652833977873,83.76987900093312,0,bau,Wednesday
2021-06-24,33034.22436091334,22.095931675108556,466.30235060043026,712.0861845579111,1450.3521512831016,1568.085444224593,45.06383572479989,71.52896852693722,92.58229243066407,121.34888872021429,395.42477169685856,82.67935817870513,0,bau,Thursday
2021-06-25,38840.029200922596,26.1758200364821,514.7464406587087,702.4853108193475,1411.297442417183,1600.3193725677634,77.85567511386105,99.46173258081737,101.59159853908679,80.234949358345,286.67681709602755,53.40315918796998,0,other_sale,Friday
2021-06-26,32632.892619066068,26.312223442781985,490.4624692333581,810.2712548276215,1453.5223012281392,1655.4455016591874,248.84189578616224,77.06344630372745,93.16157565825296,46.10554485524783,268.9576431123072,52.241392644811874,0,bau,Saturday
2021-06-27,32108.29019052522,26.164561762209445,577.7131088713996,870.6617822152981,1442.2620271022893,1601.8423337901497,301.84711134866774,58.890559843479394,103.39038729462126,56.81983941819584,273.35470835762607,51.15268012609679,0,bau,Sunday
2021-06-28,35745.77036618624,37.08771988795396,703.249803948037,785.8252252191808,1457.6772037671558,1675.4363219047555,217.888546853387,68.50421621857708,101.21090582772452,76.68629979206474,280.8334029767572,50.21530053152626,0,bau,Monday
2021-06-29,33576.32479072441,33.306304114543785,675.4412962336454,753.5930959748947,1413.8827350443005,1622.4632262179052,127.87618726104549,66.78305745562993,112.29026798108544,71.90332647755389,271.1386626260142,57.82628351187431,0,bau,Tuesday
2021-06-30,46255.13087529138,19.679412269870376,712.0644159358636,736.4285150893627,1828.6007996422404,1690.440090606872,136.33841822929136,68.71146739053927,118.14987965144202,39.19091313909543,246.32530734261624,58.81614419256425,0,other_sale,Wednesday
2021-07-01,42761.511488587756,27.97809975959551,616.3075509657109,754.5830179951902,1875.4401737630176,1668.8312482326244,31.681687594103074,88.5832910991076,116.89078506113506,28.40667315890015,232.61420880034478,57.5189529781489,0,big_sale,Thursday
2021-07-02,68816.04456337634,23.6018237143152,778.2675226803028,765.9883652534738,1789.069082990716,1487.1632815343423,26.40668885946426,82.9923214733225,86.58940358150944,37.974823422451294,237.87439809331468,59.912587710559414,0,big_sale,Friday
2021-07-03,65613.57749655172,25.21233253349429,663.2806233160028,905.6170204973757,1721.6730612473377,1566.496685289455,8.578641546323208,71.57831919557768,88.09513287859596,35.82316306253916,237.47570145355988,57.42017545692207,0,big_sale,Saturday
2021-07-04,71027.70627452138,21.4358020554418,671.5654844749854,890.7667259130122,1867.3528111914861,1714.1616235102772,29.769772521725194,60.37971285308057,67.78795500930205,29.388770632789292,232.1515562964176,57.076205974893426,0,big_sale,Sunday
2021-07-05,67454.86378903652,22.345070443631087,817.5984065732989,1234.207000817488,1465.2085010104765,1702.6393100696234,47.50584294628605,120.25336220081306,89.09542931763792,44.87403914725435,239.76576594767022,56.78279428930315,0,big_sale,Monday
2021-07-06,0,42.70376645478708,751.3239242349235,927.2799228033857,1301.2721380666458,1569.0886029471876,33.914419581327294,85.83085646674068,97.80212798813757,43.145071522077416,235.21924998899274,54.07278492622155,0,bau,Tuesday
2021-07-07,35689.19012227765,31.695523709479502,751.7500018423098,1061.900389037582,1282.3858239414294,1516.6633102739754,83.7965505228799,83.03640488290135,91.95457877436125,54.9282938821775,231.86467355104668,59.395227941975236,0,bau,Wednesday
2021-07-08,42868.566611638336,39.71760714962087,825.8295430614229,885.3478246735144,1261.5946454719617,1431.0414814081626,111.55571519754493,105.13367462567925,101.40390279763174,57.558815397437904,239.4866946683358,57.27834099268523,0,bau,Thursday
2021-07-09,41704.674500422574,30.03347243242163,783.4459688182776,775.1057706423641,1132.8216283191073,1520.716372928063,429.0364990227612,74.29849679023532,101.00554128044729,34.293360655240335,240.08328428726085,58.336577113975814,0,bau,Friday
2021-07-10,34486.80395823426,25.915384751751684,718.8543525369582,775.2334113745218,1267.032304629359,1598.8377801360054,217.92638509638036,58.70782410666131,83.92266108163035,44.44874525736398,237.5925630351819,57.24655135156231,0,bau,Saturday
2021-07-11,37514.01558217389,34.40271965881822,767.1518278784151,1123.8360405342808,1144.0953717926832,1582.9907231363295,103.95495957606755,98.80245985401581,91.0030435074812,44.20286789322951,234.33145917657805,56.02604589343919,0,bau,Sunday
2021-07-12,32790.89167866496,46.454884780317634,845.2072698407267,1265.6063752348064,1225.9807626505617,1537.946400359473,91.46143334786541,94.92206812232321,95.5486885083815,39.13317005120743,236.17904568983872,56.54775722915449,0,bau,Monday
2021-07-13,41632.1652094064,31.06316913472041,790.11459156832,1152.1273138463778,1270.336732083145,1533.8421369813045,38.53668094749881,88.10310566336923,92.06710743051691,41.89468510490487,236.0207243059201,55.15783266689119,0,bau,Tuesday
2021-07-14,45096.46581453857,29.440273538437204,950.77584546705,964.642357757288,1111.3424941432506,1551.1650432540273,111.34418940775844,61.83494770353374,116.5739342788596,60.008646159643305,244.13759985430107,58.18964869451948,0,bau,Wednesday
2021-07-15,47238.701190697444,27.436642350534456,891.2098399741712,923.7191881575279,1019.953885273982,1585.8504519238281,155.1437625552576,72.06701223703405,95.58359389227279,45.98783886796428,239.56006455272149,54.123781909451864,0,bau,Thursday
2021-07-16,49324.87127200497,38.02286814412186,856.7420572422521,1055.793808368296,1127.8658551868511,1628.6478966463321,177.05857059894115,73.01729192722138,92.80695878209303,42.40773087711108,233.03238747055934,59.356532138778505,0,bau,Friday
2021-07-17,43265.57612998864,27.399524585592935,826.6830115036781,977.9474504622048,1188.908605388116,1663.9322574593707,99.28965785147281,58.35345218318444,89.7543117045274,35.825992007553786,231.1188766401231,57.821688270176004,0,bau,Saturday
2021-07-18,40086.507006940104,31.267435295212575,879.0147351058058,1187.907724176081,1110.1331165769193,1596.7963425547491,109.78188842398706,78.27202563683556,83.9480818838486,47.44410401490177,228.6814202042807,58.14828086783968,0,bau,Sunday
2021-07-19,43848.459224724385,32.296959535218306,852.7229291290465,1177.7607400039733,1150.372622960858,1532.9660424973124,78.80402061153112,123.16942837933719,135.27713960228323,38.995560389859996,234.48616380165635,54.650827601117086,0,bau,Monday
2021-07-20,45709.322739051066,25.119351444933006,775.1273073901269,1202.4185179472129,1173.2254635020047,1517.4177489778199,56.2661408888969,92.88178379436724,137.63703007648266,37.485754067479306,233.5577622881493,58.344316652459234,0,bau,Tuesday
2021-07-21,42720.25692075964,29.8692601495343,838.6955707484427,1056.7058667223862,1167.5444653845152,1556.3979124374318,104.1811830800343,106.62696509559206,119.1576313622839,24.69214280669805,249.79671771713254,56.5254721160669,0,bau,Wednesday
2021-07-22,54120.82227171199,26.39518771948885,876.3990679901625,950.9066129492345,1209.6226424262497,1451.9521774472905,64.76586725112148,82.74088818120734,115.05466684971589,27.196286021835245,256.1974958155108,57.33872600167584,0,bau,Thursday
2021-07-23,121049.62500231552,34.88699670039151,1016.2878497541217,1130.3917846049094,1441.7908494104365,2024.467182397712,42.427976007420206,89.07349211979168,109.31874628280109,30.52819823094739,252.25293485901943,58.64119802325524,0,big_sale,Friday
2021-07-24,102336.91390369073,21.78262911464328,858.4112664694553,882.403168776228,1457.7622023361703,2023.262583395883,78.39907110469015,68.1497962078258,100.81429377118488,25.124522663524125,253.7585104950838,57.847507029359036,0,big_sale,Saturday
2021-07-25,231271.60621571503,28.396273886505384,5129.068591967905,1614.6158715681358,1740.4142349188728,2293.7463831332566,135.69922770722658,127.32175389452227,119.03874951767175,13.497749814602741,250.06977875151986,55.394110947702586,0,big_sale,Sunday
2021-07-26,349596.08675228246,31.88936401782133,4854.438394934005,2120.166460208559,1735.8511510172125,2315.7418971237967,135.12412521111406,356.43696758741544,118.40617622025123,24.092968678808845,254.65265479618714,57.35003222516262,0,big_sale,Monday
2021-07-27,151631.0082925529,34.50009591352207,606.3149104279872,1926.4738612745502,1813.5365887128605,2528.001519905856,168.6461312095883,197.26163193328944,122.45171080684763,28.909221544156274,259.5579442305285,56.30575421456362,0,bau,Tuesday
2021-07-28,63912.0858144469,29.57474743915877,830.5295600736291,1782.8073045928577,1484.630295601139,2145.0265003047093,109.95743816959461,142.06660689720056,111.35301135339522,34.097238793415684,250.53914609717174,59.31342448152493,0,bau,Wednesday
2021-07-29,48861.49261736448,33.376981531574735,657.5556806680627,1834.5452686933183,1242.6829915621374,1843.2334734412746,152.3057906721815,136.25885069439985,135.73808117707563,35.4521978499628,252.59095308382078,55.11824909310012,0,bau,Thursday
2021-07-30,52791.0341914085,23.938559275595498,552.8579399663241,1561.9927057979469,1202.5947698889158,1823.7217014795958,125.34834618031881,145.71877916621688,107.02380307878273,45.04936374427815,252.55951044245387,59.37114546633008,0,other_sale,Friday
2021-07-31,43177.16582857178,22.277966087131553,514.2832076514006,1320.4612518982494,1332.0281171611186,1955.9755430835473,209.65956137208016,85.4530770679418,95.42242954234798,52.36831614258592,252.38496363617057,59.2648404199007,0,other_sale,Saturday
2021-08-01,41448.186983742904,24.928947979014623,519.9118174440073,1364.6163864728464,1275.2161970279562,1954.9478916882383,182.649395413324,89.57946502362334,96.7799433796519,33.51848859041205,253.24499798963438,57.631804050375344,0,other_sale,Sunday
2021-08-02,34643.311441068654,28.54497662331351,521.005167292364,1192.8658625839985,1225.3241716179218,1732.2697450185676,97.92865078301661,98.76751482181194,141.02371322811248,32.644463794787484,253.96164850735462,50.96083157795683,0,other_sale,Monday
2021-08-03,0,35.00196747364529,608.865754490944,1281.8521289138032,1134.8247511138868,1673.705450459334,97.13116371446756,94.90580089622772,83.97024556112198,53.66270309096976,249.010965233697,53.17358748605166,0,other_sale,Tuesday
2021-08-04,42166.24734056949,32.62356467818342,558.0352080261503,1321.6742972599097,1165.79150492595,1674.978006111001,68.61023854381317,89.00964456415602,99.74176610532405,49.6383046342267,250.57674803346092,52.34175882448851,0,other_sale,Wednesday
2021-08-05,42516.80752854376,22.255209934468514,617.1957743049876,1153.6067146208861,1086.7188498269174,1534.8655550724038,48.39435960608615,72.78403296009807,138.24889830170764,37.781727381836916,251.79870324814044,54.01676817016319,0,bau,Thursday
2021-08-06,48617.503954052554,16.63381849395076,591.3880603599013,1026.595614252904,1163.8526508498055,1745.614064339151,38.723238188578954,77.04215429965073,104.46573533309127,17.193984396287387,245.71287982596164,53.84069464532167,0,other_sale,Friday
2021-08-07,42889.677227839624,21.107107015654925,593.1103218960363,1029.4078498980084,1201.037780476968,1732.75951161294,320.251901502768,81.78454315613942,74.3390940233534,35.56462844359643,251.87384978233186,49.83339704607705,0,other_sale,Saturday
2021-08-08,47489.57377392247,24.801790893330878,593.5220391336463,985.670958160602,1185.9325512888718,1780.8200823595248,420.25890348443994,82.27923729523995,111.53616042333161,19.40891545658812,254.78406380681992,54.05528313113851,0,other_sale,Sunday
2021-08-09,49797.37011042909,20.94806327710313,638.9235970687175,1040.8469926608518,1040.9288238499632,1522.4917009580386,446.0452294473845,98.1499390369481,108.59339114336677,24.80212797935347,249.22544602175944,57.51807402627966,0,other_sale,Monday
2021-08-10,45026.49270890247,33.07969771219058,578.22896976798,687.7328796710617,1014.1034079483787,1408.4773830419235,121.45306460575324,99.64905521376095,91.1762287224526,14.83447086384854,254.9760262564925,48.82116258798501,0,bau,Tuesday
2021-08-11,39299.969478032646,19.451687000443208,554.5273008589744,595.1147971628894,1089.1183539320245,1457.0534021424073,153.996710831168,112.50782205896442,109.74051887958811,21.944504176318915,258.25650154782556,53.02257212418771,0,bau,Wednesday
2021-08-12,40416.44670521015,27.10110479923145,677.9868728777396,556.1636832440104,1005.2340474423092,1460.2997996876736,141.33231948896864,69.59055748240024,134.5774308347981,41.12687407408086,252.2272298227069,51.612191517080966,0,bau,Thursday
2021-08-13,42180.15217187462,21.14905056647834,577.3231958367489,681.0637321657813,1041.341535882989,1456.1817900258468,107.68434872289367,76.45071001161119,119.88326914955171,16.770994455479332,250.63182699963843,51.315059798974275,0,bau,Friday
2021-08-14,42524.0879446733,23.274448987894367,539.5813867078942,949.0198331723178,1140.213710943233,1478.5918400654584,93.19129686383532,82.59904111634145,104.66191252006915,18.692140688945422,252.243449815527,52.0607860740838,0,bau,Saturday
2021-08-15,44143.61669189196,21.934387544768757,666.163349350088,1156.7846843977395,1133.010883773034,1477.699452324773,113.14085867093685,75.67278644415049,95.2923579092393,29.323899969397743,254.91204671529414,55.602709565511645,0,bau,Sunday
2021-08-16,39517.42105963054,30.686541615993654,664.414650264386,1102.185650081142,1015.8833077113352,1339.0863733201516,78.82651019240967,109.3278673198351,116.32280846838296,33.98960567555169,252.69948605026389,51.09139760221138,0,bau,Monday
2021-08-17,40320.90484054986,33.105286427276205,624.685787665906,1144.7767716726798,936.1236099815118,1311.1553548029688,67.14848766030639,98.74853638561609,119.28655329765127,36.564311885877686,249.76892191669663,49.19427848575496,0,other_sale,Tuesday
2021-08-18,48057.250913523996,34.04668858274933,655.8336079031556,1141.5773784979945,787.4447069933838,1291.936572417436,61.277583213323496,102.62798556994878,111.0767657342958,36.2820974329099,253.6939593153225,52.98482984390262,0,other_sale,Wednesday
2021-08-19,304580.1134903603,19.88573985736161,2850.3244743620153,1209.118952142044,1235.4439558541258,1601.3748110694673,363.8859517783563,279.80843272661144,132.92323932619442,35.547928157873486,247.05518369997998,53.51467854966411,0,other_sale,Thursday
2021-08-20,193538.73097573454,22.649056887745672,2327.0950476654684,1354.6383078886097,1342.194901573684,1664.5684430402434,1003.5849911329916,246.8933584655115,135.99329289108286,28.938333770011916,249.43199318997318,50.297307322698515,0,other_sale,Friday
2021-08-21,110485.9863354862,19.71122744686176,1535.3164951394392,1154.4794340480883,1335.8831481470856,1686.7402147757878,959.0968149909788,143.87383408662677,99.31879577910487,38.40223946083223,255.8648141373809,51.46364439019264,0,other_sale,Saturday
2021-08-22,88788.57032986011,25.703235038542388,1200.8945746061738,2087.315743503844,1407.0230832074258,1857.5189410154494,954.9959297151427,134.36823317904623,109.61384871302768,31.04083168093409,250.4597787099292,54.16626188966967,0,other_sale,Sunday
2021-08-23,93344.75577107655,35.05320090667732,1092.1546027841728,2104.8121718735893,1433.995923937356,1782.2069412706587,768.5288522347188,153.7899512886455,117.4000329091266,31.58540921303654,249.31919432302885,54.824666838829,0,other_sale,Monday
2021-08-24,47215.92942915962,23.877659981780802,758.4906754437819,1371.9263351393124,1042.786587798188,1397.2227059031245,251.23262994740372,134.34211250443227,126.33146296366496,10.427385857335079,252.0627088759438,55.20066753253215,0,bau,Tuesday
2021-08-25,44003.664053824796,25.411401236919716,648.6529089475786,1050.545792565906,954.6006414712996,1330.3359141299673,148.64629938875146,139.85631764035958,108.66869005786941,28.053733601501484,249.322287711719,53.472102166373446,0,other_sale,Wednesday
2021-08-26,54029.19082820209,32.218173444876584,586.0208589045416,929.9841148309213,977.4317767302346,1320.6263885599433,77.53835553633989,138.81584191790807,117.76058635389604,55.20136931181314,208.59845898255304,52.42272509108098,0,other_sale,Thursday
2021-08-27,43720.68925802067,37.06140089844368,590.8550919881944,837.516651126145,846.8826229939939,1298.2521278630177,38.96968994289273,105.63512617112099,93.3235080714615,74.13847118943724,216.32855525259802,53.85212107601207,0,other_sale,Friday
2021-08-28,39022.63938760844,32.956733245460974,598.4055820270655,952.345751010443,842.74971449505,1394.5377631409935,85.69155560055441,85.26495282093703,101.0381591703937,66.6192647418628,223.4550131955296,51.06014974857452,0,other_sale,Saturday
2021-08-29,42305.57959394533,44.96030083727841,582.1007077917814,926.13232569996,964.1323497563628,1280.5346301289749,58.22273040005466,79.86414165982528,96.5740792889429,37.485110582912455,222.2036591378443,50.96629946187927,0,other_sale,Sunday
2021-08-30,49815.95741118257,42.09746647593571,620.495973068907,780.13720023298265,976.4261428369458,1263.0603885898672,536.7701689099426,104.82142786063801,139.28852512764763,68.75269766625787,217.8704279264515,58.8614649169492,0,other_sale,Monday
2021-08-31,38566.25597096095,40.18607008116977,642.67230517245,619.4992547875294,845.4225175495791,1388.4570222646084,159.57245356123636,86.88863768972665,119.15664720668022,74.33610373229968,212.63368885807685,51.22901708902354,0,other_sale,Tuesday
2021-09-01,51212.8450221133,39.71164676712097,709.9978730792675,562.723026532074,874.6211262944429,1424.8678147080523,122.71339568415794,109.18187944531377,125.68946002729385,116.85149013823776,304.8322848363957,69.22933896919193,0,bau,Wednesday
2021-09-02,42884.672877044664,31.70116507288952,655.2013249303817,467.7501950226977,1033.527150811486,1259.186901168337,86.12434485063311,109.76521057478033,114.0732991601339,128.70707122178322,324.95282263685624,76.10330677016472,0,other_sale,Thursday
2021-09-03,93454.74592167494,22.517557208411876,707.517016027974,619.3606377506563,968.9649779545407,1427.7711833008195,131.50040829105717,147.88196199657767,131.56581522498226,126.79127231697541,323.55069443635483,72.19932290335487,0,holiday_sale,Friday
2021-09-04,85445.74769402329,16.104437816352252,738.6476973596662,804.3701343997511,1016.2937749074438,1385.1810585584483,113.37351912285851,119.40216373157273,112.91969036706784,129.951632203732,329.7933800347939,73.28117510290255,0,holiday_sale,Saturday
2021-09-05,83732.31324166089,22.27936725855794,756.0209161416564,978.783789488288,1044.4907051565804,1516.394051017154,59.277723910900484,99.10618109710401,124.64315120303755,119.47245286845012,336.12125227901544,73.83528391964707,0,holiday_sale,Sunday
2021-09-06,119217.75286578192,23.78371936469075,765.8673382551341,1769.8998498717897,1045.3903623880237,1490.1654235009255,93.65742372290012,135.86457458940896,127.21475601548988,105.23226533060249,319.1072129658394,68.30919207192527,0,holiday_sale,Monday
2021-09-07,0,21.71770668964985,651.0861101739378,1327.9348391000774,1006.8419126853922,1405.809905808495,127.5342143912379,125.36567236255424,129.34053586772225,105.8733187953135,319.9628054430806,71.41625787293907,0,bau,Tuesday
2021-09-08,40106.65451418152,29.98798052156907,618.7875089691915,2121.0158970204193,954.3124207542819,1409.7571510011594,226.84427093170837,114.89416719181467,117.50530685468212,118.6184620034463,333.3699609275016,70.5381940641723,0,bau,Wednesday
2021-09-09,50856.3822022422,24.314971690199158,724.8763532907961,2395.331908490467,1142.7490392008046,1420.8166782279282,126.84952700801642,118.37893461941786,145.5583849037366,119.66363583528525,327.52162020655123,74.01723040244168,0,other_sale,Thursday
2021-09-10,51903.59454529126,25.142006734567968,637.1362097075646,1661.0105332783512,971.4855304635374,1279.9970727613954,82.46535255107061,123.16299456208836,155.48498679460909,130.82058391954118,321.93706670855556,71.83512098768475,0,bau,Friday
2021-09-11,41200.754106666245,12.240705052438013,613.1072903069828,1562.675713835701,1009.8493021640454,1156.6579648022384,89.40472799398994,95.1313580358634,147.00245084012448,101.92783412511174,327.3924243574988,72.81518746415061,0,bau,Saturday
2021-09-12,55832.70477683519,15.178916649052123,687.2911874981997,3164.8794507063453,1089.447211200496,1253.8931582059772,250.20235423625823,90.5169694657896,183.19843249693312,99.44421880569115,331.3261470603712,68.4792702141026,0,bau,Sunday
2021-09-13,39244.66568398557,19.8022329920278,637.8980663255276,1952.721368417373,987.3893330484705,1164.376628792358,117.47856431976993,93.81105466871418,151.04781086925667,119.7486363084327,306.10889041831564,70.52153400906357,0,bau,Monday
2021-09-14,37431.75600975027,18.837962894708394,692.9401489059418,1520.8082369422648,990.6266435917792,1206.4681523020427,194.7038695917046,115.15044280573841,186.86805038303066,111.21734449065963,304.70673806286453,72.3917536211442,0,bau,Tuesday
2021-09-15,53979.87613494692,19.876374128507376,759.4633371876814,1791.526213906326,987.5231158820579,1155.071089791779,118.45292002844515,104.88818483544844,140.33922912158837,131.87252487968482,302.1978610959008,69.77943907551762,0,bau,Wednesday
2021-09-16,44016.32034517846,26.36009687117621,682.2791112976416,1618.843425527696,948.1644652360847,1190.9152249339372,84.516803586333,106.22223424005745,170.3140057586923,147.0354210358771,310.21953730558016,71.52397421101213,0,other_sale,Thursday
2021-09-17,39994.140308865215,24.257503142453118,684.7489938331036,1503.0885066214792,1006.2234669732126,1200.3590273180234,101.88367850513563,119.16900947334335,130.51940896140854,126.1236058573654,295.8561576669992,71.3876099515663,0,bau,Friday
2021-09-18,45139.20727198169,17.505772699491107,665.5115885815422,1302.8851750772142,943.1013127512058,1269.9553848807611,139.3833758433483,90.24939189056569,126.41793238632404,131.25491949417832,303.385867617477,68.2579400104098,0,bau,Saturday
2021-09-19,54747.82653718741,21.82049536816859,690.6562777379488,1927.3236055524576,970.6370974670758,1233.950893638853,127.53831209624471,94.72254654048987,186.1013029288798,133.1782514236561,308.15656416953124,71.69654764736129,0,other_sale,Sunday
2021-09-20,45845.882648136096,25.146066338478974,721.5502259334771,1536.5379309783168,920.3138035187958,1197.7084665940927,121.12449310009546,108.57862948511321,186.56932364004513,123.37138677424291,307.92558530099717,70.15174844728514,0,other_sale,Monday
2021-09-21,47139.399022723584,24.841968360626712,721.5401071353889,1330.7737306315826,906.6435826285872,1225.5975625301608,151.0830403768704,109.09066235011463,200.24713326914403,137.32753997427696,306.0748793735564,76.6998748979432,0,bau,Tuesday
2021-09-22,42575.431825017455,16.147824645239606,632.9010736524846,919.8394984558563,742.7137212993563,1189.8520934651724,95.99882331597989,112.14075313648598,190.27765222110816,132.97734874441275,305.540327080422,70.99024590988908,0,bau,Wednesday
2021-09-23,47015.32662129826,24.53377366400649,679.7475723491528,1060.7477609942266,971.3152896949845,1193.0170865882842,144.19294577877116,111.51414333886079,163.71690183938557,149.43132964426113,304.93025916996567,72.5923237093892,0,bau,Thursday
2021-09-24,67495.10682310969,26.088452558263715,706.8829220757249,1454.9383232473583,1056.330945960171,1278.1517661557202,71.79007028597366,116.31330748948685,135.26024997639325,137.7676756689839,302.2798400811998,66.65215740517415,0,other_sale,Friday
2021-09-25,64616.44093506683,23.37513461368219,686.5988685280428,1672.6801364354471,963.6453746911766,1221.858651296963,80.21727158997942,116.63108253383578,152.79130405820808,136.80189764726362,306.7750045640789,69.4047965071198,0,other_sale,Saturday
2021-09-26,69602.84638773995,22.671339443207604,632.2145132642557,2055.4312747511094,1018.8615308112858,1253.7302695525602,70.71370443679584,134.20658819731483,167.86379925877168,140.24270906110755,308.1374781404523,72.82236863270649,0,other_sale,Sunday
2021-09-27,71375.59427312472,25.98732124653901,773.802250614699,2130.6219223324856,1065.547410354731,1036.8359477051279,94.2661439247936,136.0660988380702,172.61775491203417,130.32631292205764,301.6160669766357,73.67348807201503,0,other_sale,Monday
2021-09-28,51038.079457802014,22.032043347406333,648.7045226916714,1357.2318990369913,901.7296857369397,869.8451742843273,66.63728401057537,106.09427139589853,160.3028158512991,140.59392195626089,304.34608525874904,70.93226720160412,0,bau,Tuesday
2021-09-29,46823.3987521581,25.46039552551453,726.666634965703,1249.7206671232855,856.1569955348331,909.943616856681,85.29936705327634,129.0758021632311,184.46198810237544,157.90525948716638,290.7049956241361,71.921282159988,0,bau,Wednesday
2021-09-30,49252.18850956199,30.599236438908637,702.6375262642971,1166.7908188561898,982.361319917945,932.3174543320587,179.41606693275466,109.53213630708291,147.80815566237166,161.9436507528922,286.8283087221325,70.9526343852464,0,bau,Thursday
2021-10-01,45750.40889580889,19.49479432738,639.7964542791002,1087.152259062142,1027.0802340602977,887.1982287283223,267.14371371019996,130.4855743249798,154.37216082486168,164.58986864666517,261.6440645849133,73.13835621001236,0,other_sale,Friday
2021-10-02,50099.59473135412,22.13489257776924,602.8386784340496,1119.0695159637257,1039.8137550280012,830.1078178380084,467.73419971269516,108.74188744055965,142.57502142913697,166.8501555051009,257.8605067425853,73.74039297270318,0,other_sale,Saturday
2021-10-03,51710.0544245308,17.364286605204573,603.091247509963,1461.1755142587392,1141.0035679129921,888.0952057602816,228.43947775841667,103.64400638802776,164.7471638838805,178.45917077093316,268.01604191582896,76.0960281720408,0,other_sale,Sunday
2021-10-04,42479.71061371573,27.159322197728343,644.3774513025559,1137.4905385889333,991.6084148700833,906.9169631939978,239.15481417487555,109.47626981650575,170.94387513251365,164.87903943634575,260.39793691965605,68.66105738727262,0,bau,Monday
2021-10-05,0,34.70420401635774,623.7787144107459,1148.0340368212107,1018.0443159352444,904.4400615666225,149.85809319314288,134.39417017869118,186.1392702930788,177.8569824766768,265.1060663781513,73.73819352857312,0,bau,Tuesday
2021-10-06,53527.2743075525,25.54460943130768,647.9216336394459,1111.724998320941,1070.2064994382008,898.0348290663218,151.38972215001482,126.5669767505976,145.95353800433344,170.1033664445977,268.6922360825125,71.59262934214037,0,bau,Wednesday
2021-10-07,56367.65809323519,23.521591075950802,687.5081269054822,879.9365324464028,1083.5113129773642,896.5071239474421,153.46308260266647,107.00892341137934,152.77139669132612,160.87132446984134,269.47784999050026,66.1021408594393,0,holiday_sale,Thursday
2021-10-08,55580.14194190098,33.53668866861879,579.7467390687123,656.8396494654144,1182.4053107073942,972.4426050085881,140.46724694561473,98.96837176566792,160.43254207168147,175.40679041364382,258.33872784161014,71.62067338168335,0,bau,Friday
2021-10-09,43172.67554140394,23.128590270625168,530.5654400348529,633.2893174024904,1153.4266007766605,863.94341834493,185.38569978920742,83.80562714832456,139.96014559526586,164.15884178913953,254.5362090647932,72.21797415490475,0,bau,Saturday
2021-10-10,75092.86635702454,18.188983549974257,643.4370025075526,945.22184429759875,1106.2488837467981,1001.5396249241924,221.654271771105,99.4547313940446,169.088642173507,170.0545537451839,259.6454539935971,73.04032755555069,0,bau,Sunday
2021-10-11,46596.00955770511,24.628332311243337,663.4970350452021,763.7351111159703,1128.901356420953,939.0755396900429,353.6384215671145,103.47818127141362,163.37035205547102,155.8858214654205,259.76712084725887,71.55470340256441,0,bau,Monday
2021-10-12,42841.98167663549,34.80584544631929,568.1261052015707,715.752041986707,1229.24828987151,969.2872363228047,251.18886128500188,118.27517010319833,163.5380460755011,167.56712653170925,261.14211452688113,72.08190657254187,0,bau,Tuesday
2021-10-13,47301.98104316549,22.870405401986417,668.7444195294358,666.2711052929001,1189.9725866252543,985.1053922122996,121.96696566927443,138.1458660773592,144.37935211673474,152.06186000159087,256.7994690989933,73.84241680113135,0,bau,Wednesday
2021-10-14,68545.86105593103,20.267408092296073,610.9982051403725,1375.9368241598327,1427.1098610896129,1160.5685340583914,102.40637643422544,140.47026622167414,143.55206006545632,155.9366641980332,283.44290131343143,72.6846600887055,0,other_sale,Thursday
2021-10-15,66962.7283252483,22.408372987860062,538.0279772325534,1435.8710662187646,1418.6887910182456,1153.5520774393492,45.39930217338668,129.0056698502274,153.6396145777319,139.5553214886293,294.34574643540765,75.62351257681473,0,other_sale,Friday
2021-10-16,61180.194019860974,21.942304017604815,538.4041428490515,1457.4653996417826,1456.8668317164518,1153.2775135778688,99.49556792834798,85.26644927332552,104.79585189757944,137.1076413175717,297.65920960935495,72.0948979406558,0,other_sale,Saturday
2021-10-17,78439.74540049065,17.450910275033856,558.6450631720683,2336.484697501729,1462.153607034752,1160.1496491990551,171.46504245884648,107.60288003148229,138.8524264692495,146.8258344968456,289.5122503096469,72.98127645193145,0,other_sale,Sunday
2021-10-18,61470.389108641706,20.622623803967706,668.6298036214508,3140.9891938999094,1412.289351614665,1144.8206203129816,125.02335980176483,102.18503576785979,160.58512939344521,147.19867009227704,296.6118376342634,71.5347195361394,0,other_sale,Monday
2021-10-19,40061.69290584688,36.32240697520697,675.7274127758797,1450.0044894973353,1196.4866501362237,896.1750103189538,95.68421524931455,97.797811082993,42.27507849725381,120.05045717116008,299.77074429684575,71.4184054014594,0,bau,Tuesday
2021-10-20,41777.494415590285,47.0332410874483,619.328291279532,1261.839206468671,1013.653797993111,842.2845116993947,211.16949542554048,117.3013441198222,12.45032791551695,140.88571144217462,300.82940265897497,71.74957295388093,0,holiday_sale,Wednesday
2021-10-21,37773.956306970416,66.15388835759585,591.5184878363947,1190.3678441797697,970.038779624852,878.9093126704877,236.0521674446464,111.6218240914372,19.19718767805291,144.4568451402812,283.50513091740146,71.44793536033325,0,bau,Thursday
2021-10-22,41071.36009836886,56.249602801172294,584.1463752706743,666.8711485103055,1039.0136112109005,834.5924005950957,168.33086647942469,133.16887401037556,28.696240197671962,146.04464667141178,290.99810248420926,69.1325781574188,0,bau,Friday
2021-10-23,52124.516351202205,50.50689899791386,590.0248111133473,655.4152087024698,1060.984981457788,889.7013675163699,291.27702464680226,91.46094909430327,21.67110345988558,134.87616828876494,283.07492903029123,71.05704268626035,0,bau,Saturday
2021-10-24,39377.64062527383,63.475733528675555,711.7752088620017,731.610954440363,1102.9315477618945,877.2029322217697,187.63208567646595,103.69084626588347,30.466689564818417,139.2605003974914,297.05847041761626,72.81232032952717,0,bau,Sunday
2021-10-25,30688.68482217875,62.36652731196728,616.7774062323891,801.7767534695068,1043.5618432362032,820.9087110794577,166.6987453413653,110.59568929736709,17.9387330608987,132.6999414378371,286.6234398879526,70.7626955320867,0,holiday_sale,Monday
2021-10-26,36478.8121201428,74.32227884896463,614.896060066511,784.9201627077067,1133.6865545569763,864.0882984856669,120.6975009333508,125.38175461271273,15.441576449268254,134.9457544727341,293.57054632106656,72.82801424213739,0,holiday_sale,Tuesday
2021-10-27,38777.67865843967,60.80888333822917,583.1860467455894,828.0523608428492,1306.0215208180655,1025.8025089079554,106.16890569113909,126.53942871804107,25.922380864498546,138.00500129365793,294.7731583638225,71.79412218664146,0,bau,Wednesday
2021-10-28,46839.56803568047,52.03852705978531,569.0880019714084,553.0812742460768,1252.9494895662783,1001.4615114862581,121.51947171739786,108.4900665116685,32.04710183132361,133.61265183276245,289.8846510417237,73.17945551749962,0,other_sale,Thursday
2021-10-29,32084.84731816537,33.3489359024485,568.6276427090796,549.9271886671789,1014.1016989939932,748.0787362419368,89.850120733998,81.06195865633336,17.234232615931187,134.06570178512334,283.9238464035289,75.39367111388783,0,bau,Friday
2021-10-30,65360.11922296895,45.00962006984497,590.1506449030728,917.1853657552897,922.0921292558658,695.1474095430789,21.279458302810276,79.4366369378729,20.821230702948874,142.77230001535227,278.45263777122506,72.35205086739414,0,bau,Saturday
2021-10-31,105539.52875928009,48.35214155156477,545.0941921520669,1058.7516429281343,1457.0892089407116,1099.3727476928796,5.017347402615396,104.68482583934971,14.058644139379222,113.07170691521014,282.12994062070504,69.90030972492644,0,holiday_sale,Sunday
2021-11-01,41271.60741814789,66.26026098930767,637.031812461333,791.5473644713293,889.7741511723008,590.3155339808626,50.47221350774888,122.93258827182561,15.25354942843174,125.99559857147389,294.9333544391902,74.92731777155792,0,holiday_sale,Monday
2021-11-02,0,56.371758472415756,644.3249657681795,1203.6798303691621,815.6462746379145,530.4320986436436,108.82752016073373,114.56876563086568,15.421991693642116,132.66079538044386,287.3350198450504,70.11667846747861,0,bau,Tuesday
2021-11-03,48179.4954796445,58.03377819046617,635.9246571261842,1160.1934734632343,929.2651835365676,652.2230771964329,43.377756219541226,129.80862405524917,20.552139391278374,138.2491575476314,281.58959003414355,69.69831554900965,0,bau,Wednesday
2021-11-04,38867.91476572906,54.031498935392335,659.145031586773,1238.5015914695318,946.038863387747,656.8303795606696,29.329499198237777,99.65589368671475,18.865266756549435,135.6965172149799,289.2361527945277,69.63992433238082,0,bau,Thursday
2021-11-05,61723.3596532866,43.477764006867794,686.8457795043591,1239.7939172662952,1235.6637779951027,893.4103700436314,44.100805775164375,106.57774598359552,105.56310085378684,139.05353272495935,308.3789336489791,75.56459013877958,0,bau,Friday
2021-11-06,26539.33161863728,39.98161166573429,651.3126140566545,1011.2787708976363,1058.8732883136422,683.6192480543756,50.06262775915308,99.29959160623967,103.05904952656776,140.87516753432357,306.2847827067471,68.96226861164459,0,bau,Saturday
2021-11-07,38887.95069703272,47.173251729096755,654.1788075682766,1213.2023410106551,1097.040643790083,760.9238909137491,48.92412837102352,90.27274396227992,149.22071739516167,112.93927621388508,306.61129562592487,69.5651160869107,0,bau,Sunday
2021-11-08,31122.77991975478,45.44737479992842,602.6694937755142,1073.8641598487118,1229.0972251721037,789.2136332913399,41.942903494615216,102.75977903712622,153.66313312792272,133.18758181424062,306.4505119975855,69.25450632430854,0,bau,Monday
2021-11-09,32799.382600793426,58.01518270682253,528.8757867980609,895.6760498973864,1268.7389268812958,931.2692355917837,31.487565578080094,111.36399925143984,151.76116926517201,130.65001537118366,310.8122626571738,72.44176380879458,0,bau,Tuesday
2021-11-10,33766.552303924414,55.13948198907524,577.0089481570101,717.7547233576861,1349.4949452300555,920.7442144887472,17.633181496028154,88.3833785940554,111.31433291350557,245.61212186432317,308.0323227575307,72.48515557613062,0,bau,Wednesday
2021-11-11,37908.03287458428,34.761435720515045,731.1125309338205,626.5231399826928,1288.5725176590058,951.82871320308,63.390121611436996,95.94858013937176,122.84065406969428,241.0802190817676,303.11097061300586,75.16434849643194,0,big_sale,Thursday
2021-11-12,79475.74571544166,40.05935243217927,791.8775668307031,768.9658425822021,1559.0507769973801,1180.506934830795,62.39959270681088,116.11430884312328,118.38842779386968,308.3219290255992,333.69795004989084,84.59276790092021,0,other_sale,Friday
2021-11-13,74765.95128327604,104.95295015197058,933.4950466847793,990.9017526730662,1712.4748663248517,1208.7309543991319,195.65020279203318,108.05726156077087,128.37900081369907,288.7435595069695,339.0658993280198,87.12403188174385,0,other_sale,Saturday
2021-11-14,111960.29229651975,64.34684131327094,973.7867455927029,1195.6089284752536,1715.868401139825,1284.471518856983,497.28101034844383,87.11944523245653,125.26434113952782,294.84166173598703,338.40446855239384,87.97760696770722,0,other_sale,Sunday
2021-11-15,79421.04367888691,45.331898576716625,1016.792347604237,925.9217641393976,1644.4908991090165,1282.0438048059452,107.06064492365715,122.6490094109305,131.13028383756367,295.89085016442436,342.10455369806556,85.54804297935385,0,holiday_sale,Monday
2021-11-16,70966.78554818804,31.39850924680759,1046.479543032044,1494.4599636071327,1485.1194115554079,1182.8436564700833,104.15399569157354,133.73951919574313,107.94123658577058,296.6349067077493,321.9749830963193,86.9257604287203,0,holiday_sale,Tuesday
2021-11-17,61392.06725466826,32.72954026852973,985.1377070129209,1339.7868634751956,1649.477260471762,1325.541392906362,98.17071611325923,123.02213310147266,123.84316817673866,303.64678927135486,342.7384767073867,87.41356153746176,0,holiday_sale,Wednesday
2021-11-18,59885.893295230555,20.531425474818793,927.0137679971738,1565.862498803639,1813.573934505271,1305.3640922931152,75.05471436897581,126.88602353193383,101.26921202988731,277.1863644641435,337.0650423784048,87.70802681069976,0,holiday_sale,Thursday
2021-11-19,104697.5994845856,29.513047099653196,1058.4830250882753,2262.512433781484,1418.5265142479495,1486.9173267842307,51.408181348377155,152.8386894797621,106.62138619175542,303.2037383339193,402.49311224962463,102.6709829363492,0,holiday_sale,Friday
2021-11-20,89356.04265282795,19.106424391734286,1062.152238366311,2540.7450848898047,1586.2731814637266,1478.7285146798763,47.152846908552156,103.13376739346691,73.44187384941021,299.36060165917087,405.7998685126314,104.83364498259407,0,holiday_sale,Saturday
2021-11-21,83402.4256546731,19.566872090626973,965.091080892088,3071.4729716459774,1487.3765489131417,1559.2795230963484,50.11351419658189,116.11350877519757,86.42132477871982,294.43270612239127,405.8207533571796,99.86603496542041,0,holiday_sale,Sunday
2021-11-22,66651.99058975169,26.013280537090786,924.321028846946,2656.2560796687367,1665.4248968804966,1738.0546083489166,72.31227692872045,133.53312033764104,73.43235911925413,361.1805187124344,443.1675062537715,105.86875145637143,0,holiday_sale,Monday
2021-11-23,72172.94326829421,14.644356749663537,957.8303841475126,2621.000486915191,1766.960976422596,1756.5258864515383,495.0586598910743,101.80158939086473,53.73043771684557,372.0376528121177,436.25572015661174,99.53763767797231,0,holiday_sale,Tuesday
2021-11-24,75726.99831474715,8.66552563374916,889.8638807158156,2322.9092530616936,2039.149639434917,1935.025862741843,367.60688185174257,92.56519770978633,53.304252595875795,405.0415490170984,479.23625534114706,128.05279633517685,0,holiday_sale,Wednesday
2021-11-25,85850.89370635457,8.916081291945675,986.4691265550877,3204.850480180827,2006.6444060574145,1919.417549167242,254.0202525807768,79.15778573300123,43.0840517065954,395.68993168351324,487.41038713912667,130.7834437396146,0,holiday_sale,Thursday
2021-11-26,165109.58992918167,9.164240726643916,1493.9885358985885,7115.824777740911,1921.1576542956718,1940.4279911159783,183.82628202985765,202.18150639578664,64.0451363479576,471.4718738540941,550.2786971370434,155.26290543419157,0,holiday_sale,Friday
2021-11-27,97635.04785359411,10.063876236443065,1137.3840916020542,4450.529399336132,1928.2276518177512,1851.1427473995798,121.42670218399155,120.90802112555907,55.527971344882,482.07571918114337,561.5444196597292,157.75628248936593,0,holiday_sale,Saturday
2021-11-28,101888.28984801788,14.230764340503782,1000.7730231513628,4623.696896388638,1957.8222294493062,1976.0693396438862,223.5868457123122,103.61907422512303,62.39850226374253,481.46800773011734,556.5788356914534,159.12307189611792,0,holiday_sale,Sunday
2021-11-29,121254.33423062546,21.463840211928364,1325.36790570428,4836.297600720823,2066.5842678770628,1963.373819398408,222.16780701079384,184.17762774054899,60.05463565517621,491.1032848145792,551.1235520569202,160.23469983794416,0,holiday_sale,Monday
2021-11-30,86707.670971839485,12.820855759479691,898.2623524233495,3154.6956648311693,1941.337578656215,1962.2089961881702,214.354801459367,129.79991203812105,51.44928669839813,504.71305426627697,555.9472297835958,155.379648212207,0,holiday_sale,Tuesday
2021-12-01,43391.62282245815,13.620862409273302,741.7382496663931,2114.1787665188094,2064.1006943623584,1684.9309833747361,48.04337569575311,100.9429579743916,65.64383784272052,301.5518429161975,332.5748767210738,115.95569012186327,0,other_sale,Wednesday
2021-12-02,29937.809899096057,24.86986763149757,714.1629177499401,2308.0578088969346,1891.883117790204,1533.75271571344,90.4885456782737,97.90403253813206,71.23267609078046,296.7898551156107,326.87245565721855,115.02605923317374,0,other_sale,Thursday
2021-12-03,29338.274022641377,24.940375490124243,632.7882739855502,2374.808924177145,2026.3153491399585,1523.5400802530605,56.409002539326366,89.11133952111369,56.12217106563739,283.8691749288566,329.0636443153031,114.24306204231102,0,other_sale,Friday
2021-12-04,59269.4878521471,16.05539230961944,716.7801554855753,2277.9461352519534,2008.8106410504904,1537.709358303861,60.273047004152666,100.10349497229328,55.7875285550332,293.08971791282175,325.29321760990416,115.18273433986572,0,other_sale,Saturday
2021-12-05,61007.706569014794,19.321842748562545,705.9868979022284,2584.7742843956917,1997.488746169467,1534.5088230775189,76.1181468926217,109.4115683955656,71.92022775744132,296.12632874159675,321.7305435797769,107.94216282150313,0,other_sale,Sunday
2021-12-06,34505.29319900217,37.3719063297809,585.6623963667821,2791.293661592881,2003.7551777454862,1595.345823164072,117.7093081746807,85.65815186589204,65.06193287126659,281.9205714105978,321.64427337179444,108.6715104503812,0,other_sale,Monday
2021-12-07,0,24.26117629294457,628.3796596562258,2642.9974840221944,1872.942985448346,1669.8904998187534,126.03305652241974,99.50659194946273,72.58993730712429,236.08174171356313,282.5093468156213,180.95541546930374,0,other_sale,Tuesday
2021-12-08,31750.30789314391,24.887627368231854,656.0797949886139,2469.370811022344,1790.6036937096228,1679.7862416576659,167.8137152565835,90.94574087417097,75.2123473755115,237.31900508094506,285.042418445074,180.05939493845332,0,other_sale,Wednesday
2021-12-09,46530.50718929281,19.083883164384183,662.7532495509112,2088.737247889763,1741.7073452483435,1674.3541081542173,102.17480806388514,109.75293639704671,77.68559946990055,250.88375689932386,291.4239458296538,180.83794773058514,0,other_sale,Thursday
2021-12-10,44318.58667724707,23.712322207672972,622.3516062965974,2130.8837977026724,1850.1767503752285,1712.7863955628652,33.934850533714084,99.65957216457393,87.0238363846085,244.64237226212845,289.89102172845054,181.20170199801584,0,other_sale,Friday
2021-12-11,39994.11276679739,21.363045935898782,687.743169468043,1923.5684192315773,1768.4770601861899,1692.6914897760582,68.84124757978907,106.00075483815381,61.200581147609874,244.29496636729624,290.6184922214801,179.55540215232304,0,other_sale,Saturday
2021-12-12,32604.0368778069,24.66152813591598,659.2379860570685,2002.0693311840778,1780.5580004925673,1710.79291827838,62.37431496120388,77.93211986004667,65.2665709670853,249.59647123112762,284.63051199734724,185.15849735244234,0,other_sale,Sunday
2021-12-13,31039.223408674014,35.23243351192226,626.9957063118563,1343.0808663625212,1776.1499846090906,1691.8990662304077,61.99412973012076,98.8132932449183,74.72672418352143,248.91676192685352,286.2314595118702,181.93782995753696,0,other_sale,Monday
2021-12-14,39365.903072921006,31.227231695315453,632.860610126209,961.6412353365406,1843.7495841375062,1733.6563528904626,83.3632006935724,80.50968303584948,55.76697394755539,218.80223644979512,286.34782238996894,181.5032407209883,0,other_sale,Tuesday
2021-12-15,51906.923716526166,33.038305213583996,663.7113716662012,710.3129058484285,1485.0532459778135,1384.1237341858116,133.9732244119217,64.70697805872106,78.77000224413362,123.83461426247594,188.20629262092723,134.3505439572527,0,other_sale,Wednesday
2021-12-16,44654.11386206756,25.454113931404795,624.8299933652131,571.3232044525021,1372.701977840455,1258.463056040399,137.27786334690887,114.7606941469418,54.62132789376151,130.50167369170813,182.96017994189575,131.1527292580068,0,other_sale,Thursday
2021-12-17,31809.829845229786,16.75384020461873,636.4403700477606,388.6914317888847,1146.9099020732415,843.4892747617946,69.98234376271053,115.5358322807681,44.69628440709268,87.83104541761878,124.45970894969219,80.35448816680623,0,other_sale,Friday
2021-12-18,25844.05246202209,19.353785608622857,509.54417719964374,438.15724392566966,1180.5106262718775,689.7670918257503,41.32989339747614,60.34267570012598,53.86058571571804,89.58929015314848,127.66628377932786,70.55055496133247,0,bau,Saturday
2021-12-19,22647.121680361768,32.13299422383277,544.2734291389473,626.6763039692137,1193.362031190616,767.7128729039641,72.45250408130846,60.78112286862354,45.59908420717996,96.441500046211,125.02516555676186,72.74634460830258,0,bau,Sunday
2021-12-20,22431.333120228843,32.60585070446982,491.080065646082,523.8722232466414,1137.6787130223115,696.2977039090957,73.8453233388889,86.19264918562423,53.87440756698125,89.36513650009559,126.77884508082442,72.64603404745385,0,bau,Monday
2021-12-21,32892.508847376615,25.822646289486293,559.8858468924276,530.2339142656214,1014.107366520242,683.4083958586467,56.072827074248494,86.18870979967022,48.326090230848074,107.66764795920064,123.90576421344662,53.63192909797826,0,other_sale,Tuesday
2021-12-22,27062.55961167851,27.7058157698176,537.7898205910856,420.5409109442163,1087.8563483398639,691.1188611573655,34.793917198968785,78.91255535236242,48.511103548105055,100.9837646549016,133.13196349767136,52.948293880632804,0,bau,Wednesday
2021-12-23,25974.45433195894,38.409373323790255,473.05861726668303,384.21479412367756,993.5650642806913,648.3162459640905,22.312728083297195,67.08165789735463,39.022736503768044,121.33204319026088,135.72783455672166,59.476140408948474,0,bau,Thursday
2021-12-24,19151.08845348953,18.769421563069557,346.2033129108593,297.63427397515767,969.3180517204387,662.3064565771795,32.16857645945477,59.096777586401906,34.18806146226074,116.36518868548497,127.90368214612147,56.07077575713707,0,bau,Friday
2021-12-25,22953.672095350863,10.442243841108574,417.95398629312285,313.4503682999743,960.2606556404924,660.738991574813,36.55611276707139,55.038156031125745,31.40059929276115,132.60761853236576,129.16772068303487,62.26835011506291,0,other_sale,Saturday
2021-12-26,50052.73782136521,30.40307219151877,583.4643170919265,755.8791655385345,1044.501511463006,675.3137562885116,158.275280435616,6.300390529907071,53.979287841015136,110.62176265943596,129.46650212574912,60.7623514685704,0,holiday_sale,Sunday
2021-12-27,51269.4207070597,48.20924003975173,623.1242103565561,834.0577892273562,1166.9694069392292,644.0797832037359,177.23557468672664,0,59.870848421891424,141.6807198714474,128.68844009597572,62.95219866383781,0,holiday_sale,Monday
2021-12-28,41729.924475563625,50.21634354765123,708.0991427271892,806.3092135333749,1026.181432132088,656.8444416622107,180.37215435863965,2.701587123648282,72.52028021426382,120.56557397710219,131.17389573109304,59.3664116652957,0,holiday_sale,Tuesday
2021-12-29,47632.718528068064,44.584513884336076,661.1055888719919,863.0504975346928,980.2410210766615,664.3015487653053,163.43782629711743,0,99.50593530483889,123.18141632949185,124.51953422231904,66.79436533770118,0,holiday_sale,Wednesday
2021-12-30,47090.3404219142,47.2209689269286,665.3114165593599,962.1770436649487,985.8290717595823,676.2816611978044,193.40803282218553,2.0683175814748536,90.01939255853178,122.25215484015385,129.64218787239207,61.35791860472662,0,holiday_sale,Thursday
2021-12-31,42828.95639025428,40.89935424633208,529.3152672478626,765.8887050104346,949.0189017227117,708.7021529361484,204.82110978162095,0,79.08705226624977,125.70302806419585,121.79276269235957,61.745750045157685,0,holiday_sale,Friday
2022-01-01,53846.052585136,50.11219893545156,627.6861231185723,906.2541364895968,1055.2694731135925,692.0443324746675,285.5333619842474,0,66.7017334103935,132.4558022322731,128.49116010545094,62.13601757978345,0,holiday_sale,Saturday
2022-01-02,63718.12028146601,38.553893604820495,689.4119586698926,1244.777828788324,1003.7632036973588,660.243164922528,293.3733853211964,5.61786012991846,84.46370352155175,120.52123068687801,125.05264422041995,62.59240900989047,0,holiday_sale,Sunday
2022-01-03,58677.36119048746,74.15506859317456,622.787019586787,958.8128389120525,1335.0911110478094,987.9706186545818,284.02895879817567,0,83.12471727406394,159.71998826268884,205.6997544124138,103.11939408220137,0,holiday_sale,Monday
2022-01-04,0,55.0798341548969,737.0019480247258,883.3424461837851,1397.0953627195568,1132.6099033098399,105.84118999750692,94.24196278810906,137.14708934364057,156.69097478157215,215.29132984734142,101.6010854341298,0,bau,Tuesday
2022-01-05,37489.10973044531,60.867198833111395,709.6024622235659,894.6498923613148,1534.2372420595866,1086.1483308865174,116.93452898908347,97.6743146488156,123.85057448870687,163.9234941477637,211.98604054101278,103.36895257555071,0,bau,Wednesday
2022-01-06,40569.4744123815,59.86157998801215,737.6820898278316,1035.0875118631143,1515.2734294106006,1168.6658640589412,1096.1215286322947,110.77562176877682,130.03204435135422,159.38791856785508,205.6958587135109,105.34708847763292,0,bau,Thursday
2022-01-07,43619.673324343385,65.40382168803853,765.3115898763735,1095.0835512077379,1620.8446993850475,1223.249294291173,128.742635622268,103.43904250300282,144.6915426090074,164.21437678281964,208.931502077151,101.98506658870895,0,bau,Friday
2022-01-08,47863.167997138116,45.56982074721148,764.1131342667585,1092.490395250446,1639.1149445144792,1214.658912878222,65.24289491309715,130.35730053817278,136.18918932135634,152.8864456756141,210.38474216924598,103.45917378007567,0,bau,Saturday
2022-01-09,45568.11619219,44.222561072492766,778.8016348632021,1351.7404472104831,1663.8601970838477,1269.0132342941233,23.680626578171836,106.06506900450105,136.13257287105375,165.22846007552602,205.397190426677,102.87785837797495,0,bau,Sunday
2022-01-10,43682.40236687046,45.05215651340263,834.3745640948714,1267.852477749148,1610.1504720343605,1264.1920158480023,89.43169442626942,124.80267103134828,156.56344044920996,188.8469569040911,227.23394703823882,103.35135917996934,0,other_sale,Monday
2022-01-11,40017.249142922454,57.27881053398072,831.4198668491784,1268.087331303711,1811.3257450968385,1382.1398135749278,74.15747358650287,96.91740028023652,160.9424464503853,184.946130041071,221.4728522958247,104.47876775317286,0,other_sale,Tuesday
2022-01-12,40872.797573746524,45.84411989795548,798.5727718394467,1406.941404529497,1639.5757234969942,1356.5871698244277,77.28557067856666,113.87855153786502,148.22967195140993,198.2254206884494,233.42894051956557,101.42837231659297,0,other_sale,Wednesday
2022-01-13,41543.14714514549,49.9199391726525,824.6406932063101,1661.7410884842434,1788.3735593340366,1382.2606936406214,58.471165009303704,96.31467133699967,155.11547385313708,219.57176851456504,206.071377346359,99.42783791303322,0,other_sale,Thursday
2022-01-14,78023.71768578023,51.11111608990657,794.0636644694314,1422.5714635747984,1782.5792725334825,1373.5561019736526,98.9380583045792,120.24808077751919,162.85002819798348,218.77731113282692,205.1664184700151,100.89308300519923,0,other_sale,Friday
2022-01-15,82670.20040335554,40.848450230024,866.172487190036,1768.8474661914186,1904.809966065083,1372.2397073348363,123.87785677695759,104.7390309346253,131.2724476934509,210.21993712287107,209.04990546555675,92.78211619869579,0,other_sale,Saturday
2022-01-16,78497.95600101001,60.65056410973656,930.0741094551681,2081.1401795015413,1760.9439394583226,1410.0193860887384,137.4928589194693,111.5895564841661,150.62536705696027,212.684709706629,197.84838992878485,98.90213177377915,0,other_sale,Sunday
2022-01-17,45978.64067937163,60.57357223668735,831.3042441053301,1838.556306712226,1774.3166393103866,1420.2074877995674,182.7724996558745,100.94199041795534,158.03563423417773,218.56722140967608,205.89219012733338,97.71801423500268,0,other_sale,Monday
2022-01-18,42972.82719549898,61.21529501695045,771.2732949311568,1058.271851845268,1802.9470097265626,1361.6458146202183,98.80101785569774,111.39486384923764,165.33606491428742,211.10036155663983,197.9821961609717,98.82647585105609,0,other_sale,Tuesday
2022-01-19,39230.37599962843,61.88778271282677,877.6624276420155,728.3940618103692,1811.4543643185723,1397.2358836304966,26.720185406668854,120.68390549884967,168.5489962134588,227.14482429400755,199.38830213522246,99.45321052679301,0,other_sale,Wednesday
2022-01-20,47149.60041611275,60.70678799801706,852.8910817965525,703.5614062698809,1701.5727825896008,1393.050701610167,44.99957964493474,100.8247531941677,123.04855075706678,230.1207958867225,207.5727414814766,99.09643255491902,0,other_sale,Thursday
2022-01-21,39398.40982044695,64.44548206424307,726.6954542672008,640.665958309711,1779.5357997611309,1451.0843502671407,54.34829737559206,99.28094782756821,136.26492004085057,228.10380261944493,207.40482975776922,95.49586961586505,0,other_sale,Friday
2022-01-22,47213.36714379477,58.536426773936064,558.1337380825432,585.686875818971,1793.8873067425557,1459.8553086708273,26.763700885207044,78.41458711354204,124.78013124540662,224.5339920470567,204.35453106734542,97.78008034443847,0,other_sale,Saturday
2022-01-23,46086.771660404025,50.16955372166663,628.3221842471607,604.1066311695471,1825.9712147452938,1438.984333398024,61.15469913890392,82.86684657765156,135.5278219360035,214.5800098273318,202.89618629650974,93.26951013572985,0,other_sale,Sunday
2022-01-24,41592.28245938589,56.55917017532984,567.9298023764093,437.9146852976401,1810.8396853962333,1425.9950642917981,53.332074018356245,90.14473024316008,70.96423548754754,230.8817486540716,203.1952093013481,98.39970874348012,0,other_sale,Monday
2022-01-25,38573.131978163365,48.273153943097725,572.4315434892153,471.0297674640493,1958.9203542693047,1457.7932999110922,23.687622921924863,67.18805781549253,0,224.91185609306677,195.88170409593275,99.17729412921379,0,other_sale,Tuesday
2022-01-26,39503.08371937457,64.6413844175031,541.858083536014,413.088183480672,1957.888675278685,1457.515918441571,36.4728187725284,69.87559860639654,0,215.86826750207618,179.74834215655363,95.5187820191392,0,other_sale,Wednesday
2022-01-27,111143.80889360826,49.44329962411169,795.07402415247725,635.8259922284155,2466.5389822271786,2091.481772159817,21.910201682176076,118.04403854242598,0,209.02484057818214,205.3223198840566,93.28414743395207,0,other_sale,Thursday
2022-01-28,99887.24321550704,43.08460942871666,731.9185276632057,574.9558295106655,2537.987187139586,2130.3806062562567,120.97603081138675,98.0801387751148,0,212.10759867051357,204.40316378125007,96.28287273751502,0,other_sale,Friday
2022-01-29,76534.89027100337,36.02354760522005,704.1934367593122,631.3098584442349,2537.7507316300457,2188.8529841911836,282.5672617992246,76.06887843582378,0,232.52214396898808,204.8438985817314,95.99400350287175,0,other_sale,Saturday
2022-01-30,85163.15821461879,69.38869610880732,754.6631983247803,877.4781199055145,2549.453752445377,2075.347091405967,733.6338871415019,84.58955651122959,0,228.95431376812436,207.89395279632558,98.99753180663816,0,bau,Sunday
2022-01-31,82706.60599894334,71.36205020179221,710.6904938955972,719.9027282973656,2619.8285992734836,2165.276433731498,835.5259144301629,96.64609959135119,0,224.00877848220574,206.99259217280337,96.47331412320942,0,bau,Monday
2022-02-01,0,95.27161106328253,652.1580897797525,565.0011334439141,2000.1215773160934,1579.1374601099722,93.54840029991882,89.11623536313876,57.27502111570529,223.6928237304239,201.99740313758437,94.95949155886728,0,other_sale,Tuesday
2022-02-02,48919.333586003624,79.02353404516248,610.7217925687443,458.8044907139537,1822.621828019472,1454.448458712976,60.76496215138676,92.22755309187554,55.74953016603477,234.51200707616042,218.04128570871447,101.97198151129135,0,other_sale,Wednesday
2022-02-03,51773.38803570296,85.83901159478262,568.4214606357305,513.5739415755384,1918.0637130693385,1442.5544647231638,96.45412135869921,85.22808144941354,58.695120970697126,232.17779601704396,210.13328759160072,99.88575071029109,0,other_sale,Thursday
2022-02-04,75687.40381154897,79.8093317684321,676.6148589510002,739.4681757184042,1903.8027971394533,1441.5545894332222,57.90870656672389,80.81122805131605,58.4714755271304,221.1694037224521,219.81758185706136,99.1536227295741,0,other_sale,Friday
2022-02-05,73496.98749519125,55.35687417242138,582.7709221227154,901.9624229578874,1993.437695023489,1421.362038574585,114.80392330961271,76.45509317155324,56.94191494049426,187.8650600444516,215.19316646628732,104.63552847343173,0,other_sale,Saturday
2022-02-06,77151.66057388653,72.69237323936387,569.9615427386889,971.5966267406122,1853.395588344447,1452.51372417161,132.0631131128138,67.8821567788016,55.85150967916622,176.77032315613138,210.74639926913423,101.7798440701322,0,other_sale,Sunday
2022-02-07,62083.14459840791,85.516634754348,491.416139776591,1218.9499270618014,1895.0419477718337,1494.5636108461824,176.42661532013256,89.26194456925234,117.87877184823421,206.78967451375087,228.7227662976229,98.80329064021713,0,other_sale,Monday
2022-02-08,46084.490944688834,60.10920967637704,466.66538489539164,1035.330610495912,1885.0094574312348,1525.62207511731,59.660248709218095,81.7648200614988,135.3487075617137,195.0063723553003,244.33649164169609,102.75467422841464,0,other_sale,Tuesday
2022-02-09,53609.652845173456,86.26625979722341,501.6192995599121,1083.5338203063266,1903.4491110807103,1525.9041323749711,34.69661623236382,82.99040534566815,131.13563495919743,189.05799399895452,237.66282291025976,104.62759126976877,0,other_sale,Wednesday
2022-02-10,52686.41983657227,87.80779283432032,501.7311301481037,868.8270101250887,1862.7812362721456,1496.8914731668501,1106.5825890906679,87.57032688854792,118.4032524887099,204.53025720222996,240.2743819244467,103.88845549742234,0,other_sale,Thursday
2022-02-11,42917.307606767085,71.41178607655587,450.11434480139155,776.0549370575114,1952.443824043278,1554.236993890408,208.97712336291,64.23297403714345,120.26306326782,199.11703680409025,246.14318101738084,102.32383975642094,0,other_sale,Friday
2022-02-12,41365.69344603548,85.57466760820355,511.8260873116708,720.0365132486469,2073.136125576534,1528.5514656968767,164.64686847574072,59.758255684092696,110.08567456555029,216.38657707029876,237.16521537688055,107.36387246584104,0,other_sale,Saturday
2022-02-13,45297.97439229687,75.728593290741685,485.98880831853364,764.9937772419914,1871.3535065742794,1527.6592655265902,45.84265654364103,55.982058320361446,108.34987646342587,210.27555603234512,243.302991809753,107.5562126102852,0,other_sale,Sunday
2022-02-14,37424.79154331221,68.44917971527595,478.91681375563087,628.1575404183004,1898.677719216351,1463.4764474036695,83.38526478262393,53.204507415536725,104.79781751461081,209.35690975920772,245.27012119769714,106.40946431616791,0,other_sale,Monday
2022-02-15,49124.089502541574,63.24607215750459,485.83876373591755,556.7456102651533,2928.580044514215,1538.9218733069795,95.68656020209137,53.86000468759748,159.98440435684913,492.8108217562933,244.2690461879163,109.8004421377383,0,other_sale,Tuesday
2022-02-16,54180.61423694933,51.450023269809826,468.8780652679248,603.265152598068,2844.853497855641,1546.2525167268795,53.2039840490085,88.68214254105311,128.13061235364464,473.227929670745,250.92567454591043,106.33417186533748,0,other_sale,Wednesday
2022-02-17,57952.53633143257,48.383245547805615,547.1552248860031,466.94362401043685,2894.986370394191,1560.0624040231808,38.91135433346598,81.42995086014407,182.2802205714077,464.3700878200316,240.74511636176567,110.77443014150431,0,other_sale,Thursday
2022-02-18,68231.04418626454,2.5192588134185683,666.3374104905827,619.30232810489,4096.812798205719,2355.9017994270553,7.514177148667457,80.95451040873371,164.01216907079123,472.44326634842815,243.34901546659225,113.01714951476535,0,other_sale,Friday
2022-02-19,62863.682751479624,2.6477269383652997,572.7118090142736,869.1773035217575,4380.61545070725,2580.8626308536773,17.081378373702332,76.89691685612021,152.68028873884822,470.1555924301219,250.46600900072934,107.76008847752142,0,other_sale,Saturday
2022-02-20,59072.34566535622,2.243155998314642,588.0185135251807,823.2392410076071,3354.281137862334,2207.436456035559,17.4304905857986,73.03740339110941,123.77707724520259,480.00598960298026,243.52512688095118,106.14618495250996,0,other_sale,Sunday
2022-02-21,64011.60585879765,3.0247905358196903,565.1353500646433,781.2189704120397,3230.4603398249806,2103.12723702503,48.56687860273492,98.98867086542305,138.98553538092494,467.51265345547716,246.04531587067905,103.80009048119858,0,other_sale,Monday
2022-02-22,56404.81202167646,55.200104892663596,614.8782871416838,523.3443097933529,2898.7745827318845,1729.2307984430997,99.51145441650496,85.58668611883367,157.53377800194843,478.5150037409999,259.92465058335773,96.28346478072379,0,other_sale,Tuesday
2022-02-23,41461.24939104657,53.80658514930842,568.102975314113,417.96536077202444,2696.5647648723916,1502.9459397140267,163.52055485911373,95.03027986467916,138.92996474482896,482.0824142062326,249.97847801910027,98.0490440485818,0,bau,Wednesday
2022-02-24,63035.17022136531,40.41777662739131,584.0329880147558,522.1532662962438,2661.3168039664197,1578.083491660112,192.55757369719575,74.2003761791793,151.1107696503611,444.1159866912283,244.35850855822244,90.56692183688752,0,bau,Thursday
2022-02-25,58590.94358835942,37.46345319256367,569.3414103023268,492.95376459435664,2792.5137792455907,1578.1608348299762,146.64334399938832,74.70012956972424,150.7578858274766,488.1754569539837,252.93284900795445,91.75487378280253,0,bau,Friday
2022-02-26,51563.948221550556,32.116569497229314,527.6333800242642,526.9209478208913,2726.434162025567,1658.7906927634608,98.73808775468866,66.97056976564576,167.90501365123222,475.72675648265806,253.3843833590735,94.74906658166034,0,bau,Saturday
2022-02-27,55605.97033516406,31.49197815799377,561.2452737647808,561.5205331078902,2708.5344046936398,1606.5009234249305,106.59478267590278,74.4545473911968,172.34523303539947,474.50168951408295,259.62606451915445,93.93929793139009,0,bau,Sunday
2022-02-28,42436.40324971094,30.518751118893338,549.4200291183787,534.9223824039473,2672.508687619726,1534.8018954474599,70.00459518417786,91.65756781621047,171.6636074826334,460.2620501004178,262.92858259727353,95.81015981469228,0,bau,Monday
2022-03-01,0,29.5353643242092,524.1108034900197,562.8433711441174,2432.7902118760903,1490.3755771318488,54.02763616423663,78.30808315334369,154.14221345650444,397.7289037824639,246.99087596478844,94.22907266117954,0,holiday_sale,Tuesday
2022-03-02,53698.40439136001,18.119543025225774,496.0911867071736,516.4490401078222,2137.0801830480254,1374.8631019647519,64.32069079300099,71.12920858426544,161.04948022495682,361.25863269624716,232.5515269375378,91.4941845591445,0,bau,Wednesday
2022-03-03,52982.176256276776,29.505698860045943,544.6772974612138,476.71381848673445,2156.8238242489374,1343.889269545029,51.82759765084536,82.55470540668131,147.62019397540763,366.2017053981149,237.11712371779427,91.4047513949247,0,bau,Thursday
2022-03-04,52586.485738470015,29.751837758056695,509.7033140135955,480.02151684212134,2197.525775949901,1382.155238204495,46.277843351257424,55.67960220590666,148.08368945600301,372.7073899462533,228.07977894872326,95.7101841718306,0,bau,Friday
2022-03-05,52953.043086361766,17.925793402062205,507.2329494430011,441.08976551650704,2170.5953956573367,1401.6022735626232,58.75088193642294,69.89069721918935,114.06241733467323,364.095418046228,235.96333447170812,95.31888225713209,0,bau,Saturday
2022-03-06,53345.33776423618,20.77646911125658,570.3340616000631,498.0098050094604,2218.155579952798,1387.733077672684,95.26669069213649,57.29743463022803,116.2716564676622,368.25126063819965,233.78523294419037,88.32670351954734,0,bau,Sunday
2022-03-07,43644.62627959612,31.803041396535427,557.4642139544019,450.3236053834246,2195.1030047866343,1346.4771178167941,77.60209081276555,60.17313282190316,157.2202679679824,365.69359765561126,237.78585035889856,92.59314150640103,0,bau,Monday
2022-03-08,44405.53385211032,20.892048995249326,473.0291960458772,523.7456298569992,2199.239313436424,1343.4786343646322,83.19768587148245,67.42358509437274,141.87419721671324,371.33863398099396,237.43190489146107,88.39648127019377,0,bau,Tuesday
2022-03-09,47982.91153255072,31.702855384542584,482.07708762635787,477.35441264321366,2215.2073806234525,1373.7979858874262,55.793687879314646,80.86263320069138,196.51976062579243,375.3717233545645,237.83947829014767,90.3909012742132,0,bau,Wednesday
2022-03-10,44259.42099604967,28.21684643507026,518.298457194857,393.89920375528624,2271.7544953699894,1379.2032054624303,38.8515639876025,75.09220036358927,142.3472279005636,379.82164827430023,239.59975058289885,89.5678670117246,0,bau,Thursday
2022-03-11,51156.81639917582,30.91897398980226,504.82925244053104,340.1614583338854,2202.8856120562396,1403.9633333048826,67.23552565093424,93.53542435431176,124.0320722626623,383.9410876978253,238.1860175214473,93.19588762452275,0,bau,Friday
2022-03-12,44509.867741073875,22.0148580145487,613.4309917783701,358.1749876076783,2325.024609394929,1435.306170613351,40.745264399203535,60.68719767959813,140.44898241841352,362.1621336447241,235.63451439823962,91.293183815807,0,other_sale,Saturday
2022-03-13,52391.873803659764,16.472928196980295,429.00767955707,384.7382893295796,2281.5636339791977,1331.4461023756808,73.30749173877638,61.84949907048439,137.99400474695156,378.50667224003945,240.77877640421073,93.06320586107063,0,other_sale,Sunday
2022-03-14,55269.507371822765,26.64399394459962,515.3238561896654,455.9204313023808,2193.7436481593872,1361.4320715135618,52.36964771954887,57.115240677425874,156.17470121170564,352.25981421186094,235.42965511553285,93.74323183895328,0,bau,Monday
2022-03-15,40264.139410759824,24.73069352072138,470.46943588183757,328.13667952447673,2289.703373423937,1369.8430226462738,44.327794719863505,114.08081748922552,182.03673411893323,362.0218210594984,235.02279911521293,91.4055054388005,0,bau,Tuesday
2022-03-16,581480.2660572461,26.21978935305273,541.4429751462542,391.75120966491255,2147.436581535273,1354.597950121346,15.23988309220988,102.89802011879506,127.71813820102341,353.90216348970426,236.01874594324806,92.94713520151426,0,bau,Wednesday
2022-03-17,41868.256915125196,38.10288907491082,461.1295130723644,461.65039695354835,2358.7044218467977,1407.2226500626184,35.03870273624572,89.11767867179539,132.39499519212353,353.82548488016016,241.84073826048908,94.7602501072419,0,bau,Thursday
2022-03-18,129537.63887811311,24.575174356387265,741.6556593087997,464.8258089016254,3739.8616149862232,2312.2471041871436,50.96701217590817,160.3092436243308,159.72913461274953,364.26371394430356,225.30488866579907,104.00676755213564,0,big_sale,Friday
2022-03-19,138662.04824202543,13.294240321223898,793.8944684175477,531.906321101633,3799.2450477542598,2604.9155498966766,25.905183987432338,111.92823840636963,154.5913869635864,356.45296368213405,213.45533800034167,108.67147975003758,0,big_sale,Saturday
2022-03-20,117594.67338093791,14.361509210183415,652.325940695316,703.1213911164184,3692.798728226275,2885.412114832885,81.68705750913506,133.11435585328994,124.84261714170201,349.99977344773873,222.57688681324618,104.74903288091154,0,big_sale,Sunday
2022-03-21,113676.72696331322,26.020109290807213,667.0133936527645,1377.320832865832,3720.220185262921,2931.2922864946736,87.40413643292958,155.40192768567533,161.71450157729421,356.49270179009864,221.72567696526647,106.87715466994229,0,big_sale,Monday
2022-03-22,112956.60126835601,35.12649269413512,593.8820192526127,1659.7962213959004,3639.2626189107814,2869.6004407547794,689.5423304872006,136.29100618066775,171.22146530843884,352.6085822993509,216.53839066238578,108.11172453953293,0,big_sale,Tuesday
2022-03-23,117046.08586687595,61.788326644628505,738.1223655024395,2288.5605569829004,3700.133301859836,2849.0948163316107,894.5726296036903,154.14890951660655,171.5631513642694,358.6463970225822,218.4495014042615,102.35518937089303,0,big_sale,Wednesday
2022-03-24,149951.1429771964,52.59332174584055,695.5524817967262,1670.4093128292998,3831.110157408611,2930.8034291097783,826.4378876731048,165.6832861319184,154.1748855877513,363.2586459682418,215.54545502882584,105.48500649811844,0,big_sale,Thursday
2022-03-25,69189.62172773587,38.42285073527452,515.4502776128202,644.3004192278142,2506.8357303018574,1612.6643023475135,52.4777814976359,126.62186158738167,141.7912242707185,351.6794186567018,228.3062955768161,100.90696501045404,0,other_sale,Friday
2022-03-26,46152.61618430356,30.49000351191526,447.86576778454884,748.2311316552934,2221.7403580854557,1397.9514635800074,39.69408350450341,110.46768727217213,102.23184717203789,363.9994042447568,213.92387054016618,96.9585250959859,0,big_sale,Saturday
2022-03-27,42624.472544253935,27.904884869799954,493.5488924311609,949.5547263952661,2200.553317389379,1373.3261597209696,34.737803291831135,112.16251788780166,122.43981487280894,370.4376450778428,230.93902183214178,98.5160185352475,0,big_sale,Sunday
2022-03-28,32669.06866541289,41.17256589669843,471.8477270179618,911.5346029294914,2239.288587398494,1351.4328183566786,21.492513469827053,100.38751625629587,170.12112937581966,363.93797919702604,219.04117821852486,97.99736539843822,0,big_sale,Monday
2022-03-29,32702.698352904186,35.56859833429667,437.09849108227866,907.2329804013104,2223.198650682146,1346.3631649871927,43.40617721208519,104.03658919034753,154.90944465254796,376.1009627366342,218.10722589289483,95.25325598237576,0,big_sale,Tuesday
2022-03-30,43951.352536568666,43.01299530160532,460.4184011714172,736.6933629196126,2190.5576968986556,1346.6081296332934,18.063324421163635,82.48713591955162,135.06737452263738,374.6548961481408,223.07029024801665,96.21952045829524,0,big_sale,Wednesday
2022-03-31,42826.913318577,46.51919984423057,513.1293748906592,744.9757950429215,2229.521320999086,1317.6295112783941,41.90452586877097,82.23188590912244,121.75619682941912,364.4180963613126,218.0841972853088,96.97108502551588,0,other_sale,Thursday
2022-04-01,47762.50036791301,54.72583376187747,538.5053430435494,515.2371170761544,2282.8681509767207,1438.120108394303,5.288544908098703,100.00225057612079,136.35651674383354,400.83087196715604,232.5645810437027,100.72277018202571,0,holiday_sale,Friday
2022-04-02,46812.46743506547,38.67548316663952,422.34998869077606,497.83424637418483,2689.9576472425797,1827.2287070764996,43.16733101997846,74.05093794112412,136.33247541113957,375.66965388608446,230.46794093104077,102.4287672159738,0,holiday_sale,Saturday
2022-04-03,50718.80130456726,41.23259260441549,578.6872139139281,501.31937664861897,2794.404091168187,1910.82905280026,13.051897284771883,102.92501490355419,133.06837576073997,373.0452365302688,222.37997176753882,103.84035801425513,0,holiday_sale,Sunday
2022-04-04,52556.857084814976,48.02513380713721,498.4429512257502,443.50763198064885,2665.295860766649,1878.0027456131018,56.22292380249541,109.05854552296466,162.0127937082211,384.0802445059486,223.95009041712208,102.23459158980809,0,holiday_sale,Monday
2022-04-05,0,36.55714576381722,490.9291854617388,373.73023948028816,2817.2147572284653,1822.844206423503,32.85208461269446,93.21243096266704,118.0706614673655,389.56733724909554,223.810241811113,104.28809523326798,0,holiday_sale,Tuesday
2022-04-06,53118.58339725421,50.62938150692862,578.8615605950124,397.42325323982135,2791.6130065063103,1819.8427326030064,40.686260399414856,91.22050860463447,157.57656828047087,395.25979157334564,229.3646403990161,107.1840448932556,0,holiday_sale,Wednesday
2022-04-07,39818.304321840595,41.93144876988801,716.9027869084591,385.34447357061765,2274.108844452848,1446.583808951674,66.84112574596061,91.79490007424384,164.73500666567895,385.107497788858,229.31976353915607,98.17936584794212,0,bau,Thursday
2022-04-08,34143.283468053676,54.67826008899728,535.9865450025173,340.1187942860694,2261.842534279001,1394.4868840934987,79.97714229344899,119.04349054885142,115.08658440154812,383.05513227718876,230.77116645977333,101.67831802248215,0,other_sale,Friday
2022-04-09,32935.080441382815,24.73136286760772,507.32798460143096,363.29190680571287,2256.0666083429023,1422.4349998857176,99.06002973088425,78.6031979108738,107.20528250380877,384.6213631617003,226.54490618473463,102.88935435863533,0,bau,Saturday
2022-04-10,38445.397426459276,32.54608289622974,546.5696584467081,307.81337333603955,2456.7085069901445,1491.173155526298,135.89460223201607,76.46763480392839,128.33910749961464,285.17160626478375,226.99768705835567,105.73845331244785,0,bau,Sunday
2022-04-11,34408.99290116691,53.40349496709481,697.1170182667248,531.5675009108102,2414.623113598982,1433.942923145353,113.47219995930442,111.60182779445461,144.31510043068917,304.95167462644747,225.2439539947909,101.3883364568149,0,holiday_sale,Monday
2022-04-12,34574.85827547016,59.748425048467524,595.9664084059252,459.0921499230436,2321.0372121767814,1389.4036294357172,73.5471111652002,100.84020191955784,127.03190811323324,322.2306243959308,226.99233087562374,102.38967009251579,0,other_sale,Tuesday
2022-04-13,27661.401218476247,34.32636957777514,730.185238647985,384.6639732174894,2227.951402080112,1421.1415970321032,70.04088172551498,115.70329842201537,136.4685604309052,309.4323578267589,222.41901008920894,103.62387500526927,0,bau,Wednesday
2022-04-14,29914.621846430087,41.898743094805035,591.4850462549653,390.7226058001331,2276.1347187881756,1415.0710877501995,165.54349076637254,83.42516289738731,119.4396307521793,298.1338255668194,219.05460904491636,98.11838494418409,0,bau,Thursday
2022-04-15,38466.57482254795,37.41533067227567,445.8477260373159,320.79187454836585,3129.126768856565,1511.2939635310736,130.36862521377128,57.43176560747104,101.875693823173,351.27153538605285,259.5614591904188,135.20819325325746,0,bau,Friday
2022-04-16,36673.13179573396,27.483864065645186,375.9953294310527,304.76672409293326,3436.9647255636796,1563.2209259961978,150.85445044482987,70.46489468327623,83.85395076845802,348.4125507308072,246.82279003270236,140.46447098186775,468.21439862819653,other_sale,Saturday
2022-04-17,39420.849832000844,28.741033737962923,425.81465260819454,190.27347371560995,3518.62814294415,1691.171149149413,94.9135404110287,58.79831049613727,75.04066111529094,344.6715735752475,269.7247206040185,131.86079221943217,870.19137598801,other_sale,Sunday
2022-04-18,43302.18606001607,53.87145608312502,500.9615127901018,439.6372585427025,3662.4796690165576,1637.8594945422594,106.36000870703911,79.84657600751909,164.32428958731452,341.61263914543264,255.1433986762996,136.8823244234624,953.755139375028,bau,Monday
2022-04-19,44216.37760023585,46.968927556122246,513.5270684431107,690.5615002184501,3519.770950810317,1622.4055128963512,57.01704728620745,96.55448278620842,193.3104140601936,341.3999232592289,252.66277157985706,135.53381716258215,645.6060461301838,bau,Tuesday
2022-04-20,41374.731008605,51.742125356773954,925.3182861865625,807.2517262539443,3585.4144683867644,1709.7636991704328,59.25926636694095,84.64746080716762,171.3145572551359,342.3085427125688,259.09877513800274,136.10977584929685,255.5557228936547,bau,Wednesday
2022-04-21,43932.671887108394,42.426569974766096,1767.1774931147388,1404.5603973355062,3501.7603951564524,1646.698256162644,104.38461531423758,91.52147827970511,134.22779823770193,359.5063445460359,258.9396625849772,135.61406898707597,574.02351687645,bau,Thursday
2022-04-22,42899.92890817592,47.400527277212184,1633.1350901329815,1318.0429046262907,3473.571365927016,1614.6681732262007,107.20952492139277,84.95442010143535,148.1153083496363,367.2314598523856,261.5583418736536,139.2205907917266,408.4894919428418,bau,Friday
2022-04-23,34916.01792609757,28.917896476948062,1616.975240749384,1226.503184297579,3542.3226177132724,1567.3782601145635,103.23430169140914,72.88338814533166,105.2029853026956,331.0079195214754,257.08687606781984,135.68316554196784,678.8762132399077,bau,Saturday
2022-04-24,40805.2349598557,40.217657658976975,695.1509975615617,783.6852782460572,3693.215581215077,1688.362326645888,115.15113562795118,98.74776098545435,137.6942560627852,354.98168146700056,255.6272093960148,140.48539413465767,1292.2805783412002,bau,Sunday
2022-04-25,66066.98673077961,60.11305559616737,932.4469889496729,777.4001696018541,3520.8185747862726,1690.4555999230583,65.20003165939777,113.016685200274,157.92313515050597,349.56333626532256,255.73954937670882,139.7314076038706,361.32992705262944,big_sale,Monday
2022-04-26,74201.39344231001,47.446321458188045,888.3097502108819,851.9770675928926,3152.24197237306,1644.3597940361526,806.1779813609287,108.51885730396215,190.10837771534653,354.34373096964316,254.95001803426752,137.8653615450595,497.1149669227392,big_sale,Tuesday
2022-04-27,57620.93473772602,52.54375054474098,656.6276454464149,896.2026410360162,2834.8502418641806,1602.911388162292,974.6977454791162,99.90925528432655,152.4538162687169,359.47533892640354,251.95189948377143,143.64291420904354,473.07577814543447,big_sale,Wednesday
2022-04-28,50890.69624582207,56.177008321796876,503.6749704817435,832.4211027050866,2777.295230701267,1526.6084966994495,967.5312107230055,107.34484524188429,157.29774718529416,355.7955188276742,254.4752267849339,148.44275315397584,230.02803597209947,big_sale,Thursday
2022-04-29,51612.50837092156,47.5677117827666,473.1200808975067,710.391009953855,2719.8183070424684,1506.5013889825846,579.5551681958925,93.35821765686309,157.84635013847733,356.5810963008252,258.95259072753015,141.64838641122324,635.079485736334,big_sale,Friday
2022-04-30,56305.8020922089,54.81686311541786,449.4530853874813,808.4900153495659,2775.22460518566,1616.4383226508703,474.7406617579686,82.08318938139406,162.85015539758834,285.0966586721482,249.85913050487247,146.7796327681176,932.6114236940521,big_sale,Saturday
2022-05-01,68455.77836817238,58.87924631343485,490.4427109949052,735.92226490824,2449.4144318722774,1703.5361511623616,291.76408363614667,92.86805421792302,169.11753454219752,139.30846619037914,265.01718681103245,144.56347557642613,814.8912103486145,big_sale,Sunday
2022-05-02,47131.69779242017,64.18868550704039,513.0943530922343,488.8775531340058,2333.802981472607,1562.8965644402647,85.16651594629327,108.12517240828734,184.48647465164993,85.80504391483848,162.25350154853098,71.02301442549425,553.5746618909409,bau,Monday
2022-05-03,0,62.15671136496241,499.94429631837954,459.38021527535136,2366.711691121704,1527.5023047818593,42.682182378110646,83.31958623564186,170.99598506979368,91.2739036429849,164.1226039954534,71.5176746979716,740.5140867169376,bau,Tuesday
2022-05-04,57621.551863415836,42.410216156498656,521.2490640440038,563.8779662355548,2280.399557604738,1468.256356430826,93.1080906259704,90.55896797349183,166.469559912273,108.99270662117026,170.75564360967047,71.92072368050466,490.91451220096,bau,Wednesday
2022-05-05,57985.9006811291,50.06453785013307,412.05531135823435,545.6612066529802,2658.037754970382,1763.5320822227663,89.40248682431553,105.25442966568778,134.89911911753876,87.98726998627825,172.29164290493367,71.22026531764135,614.8767249892794,holiday_sale,Thursday
2022-05-06,55253.95802451075,34.842892091713374,380.1411931364003,623.1711041192397,3034.016063699027,2140.212466869569,87.29036162294297,114.30328273594273,169.37442162195245,99.956371402827,160.90879258832555,75.21680317472034,717.7946949546044,holiday_sale,Friday
2022-05-07,48119.30991700161,48.64340812952123,339.4547880477604,480.7759074074138,3262.504819774174,2227.0832915593924,55.35091686739604,77.00355285795142,101.26811534268572,92.63165880971644,167.57584946769552,74.08108691718608,520.4129105865363,holiday_sale,Saturday
2022-05-08,47222.67884309104,32.5764600932784,307.968961770561,515.4295104912885,3318.6381651209513,2337.8410337417863,33.88809307480449,60.611039037531405,114.8267614335418,96.05133180213208,164.57100511812578,74.57622253695668,549.2563878323149,holiday_sale,Sunday
2022-05-09,62615.07297069667,48.65353320287147,437.3979884860629,587.3930745666308,3147.619483167195,2249.5716617190615,79.81415146847824,81.81440481105788,141.5830034666666,82.71156675684409,167.75738989938205,68.22235053987396,591.9417430564481,holiday_sale,Monday
2022-05-10,40001.61464842558,58.23324191714631,513.8364123772494,650.1403023105036,2179.505926360356,1298.832387789499,127.13510656402637,106.35122384263745,155.67722349608707,83.79383166719731,160.25446482639148,70.18786386832319,884.0348943904693,bau,Tuesday
2022-05-11,39665.45871267134,66.46398081234632,496.4901353146664,539.3856078166107,1826.7079749129653,1159.198859850674,110.14716320181314,100.60584856675344,181.00154072588984,83.35263325542437,171.03122005443169,69.5647359194193,632.2589464457722,bau,Wednesday
2022-05-12,32691.855905195564,77.72968721765713,479.92857639280066,674.2826598425447,1805.04030539285,1163.2798606664776,133.18375005170273,106.83044366947394,184.61580857588754,87.51050672808555,160.90053524362295,68.24705089138817,425.261203260425,bau,Thursday
2022-05-13,33498.959243492216,51.965883927735526,451.2671073161034,655.7518943100342,1897.0328326601975,1135.2272031295497,102.8627514824708,94.88820344615412,169.03612961785825,92.3156476964042,163.11900390560896,70.44685450005097,351.4500982258636,bau,Friday
2022-05-14,28346.263488738492,43.43609666934424,425.24704318950097,637.7461690002852,1917.6042534821506,1230.2148444106913,140.66577936188685,72.49892101695336,157.51323124783642,99.7667251161332,165.28390994180458,67.25686839958051,557.7837559406669,bau,Saturday
2022-05-15,30890.744883325817,47.44710334890806,438.4695015743303,541.8350810049848,1967.055894741638,1268.5345941985877,160.47037133281768,86.89425027534581,143.49090779440309,94.34112031839962,164.34379927119113,66.10530265632312,496.7012130953285,bau,Sunday
2022-05-16,38168.4009952866,49.17017052967024,645.6544176965047,526.157381456889,1915.139291519541,1254.7293212819588,80.52823250623939,95.71292947138166,178.14514706739263,79.22163721628363,161.63793187745387,63.99238682940463,466.69814806994975,bau,Monday
2022-05-17,43323.15399679002,45.35726261877891,523.4635793938495,518.1167904298334,1838.036965138543,1097.2773309284992,105.5333351672945,101.56562042463383,189.81075968351084,131.31380918931592,143.97466564426517,61.24164532734298,253.42602932309387,other_sale,Tuesday
2022-05-18,28107.974700365026,33.8268135068695,439.6686223934791,421.2048607868247,1731.4674783979951,1078.4675610567558,100.51138845093587,120.0876379755098,217.74043517602558,123.4302905906823,140.58612878063792,65.24467442821513,203.93433043269917,bau,Wednesday
2022-05-19,27418.178668110453,43.5165132733376,408.68890234330627,419.8026926342511,1713.5252007297067,1023.186372584091,83.77177912551569,87.29572360832763,178.23030634320926,141.01217529677757,146.9487214844647,59.903002417190436,242.70854217716453,bau,Thursday
2022-05-20,32364.46054400989,34.76151122377942,420.4091772829178,385.98090663624885,1668.6839860866364,1029.7531210687066,111.96317151182286,97.0732789865246,176.72656711492732,136.78462662522367,138.88046708394654,67.95293342016365,355.9464113480985,bau,Friday
2022-05-21,31248.001160759835,24.15684941200761,382.7281879919628,453.6926037806979,1750.0617964880878,1103.4576504043189,56.441452561129,68.66559693708571,118.9268215227032,124.83812743577728,147.23284911870752,62.526428592220896,65.68226386182957,bau,Saturday
2022-05-22,31147.065573304826,27.719055913424295,350.35285934317744,466.64960874472695,1973.556384994906,1163.8536377820037,133.60513572170072,58.5670108446391,144.42739565902426,130.93254957155446,145.76951095549833,58.67875773638064,582.7405903660459,bau,Sunday
2022-05-23,27713.922650057193,40.98419656404855,379.7273409787049,458.90427984786265,1720.2700528566656,1111.7708059523175,106.1250971934408,95.90490433658411,183.54078145695203,133.39430013738956,149.0238697416355,64.18402010091302,766.1534869883885,bau,Monday
2022-05-24,27025.71696284869,32.01549568356132,439.5413885859461,354.9190854588825,1774.060664378909,1055.1038733939315,102.0199234455196,96.47865093629963,190.72912718517847,130.73218397348296,145.7035319331496,57.815462526519006,580.7234903791269,bau,Tuesday
2022-05-25,107368.84654026885,34.76872425865594,512.1926997010232,606.4081436229297,2905.281844645747,1862.6413239663643,44.54848771187521,106.35802376003618,192.74077388601165,124.36871582802915,140.08701476082143,82.21019853060608,497.8362137292985,other_sale,Wednesday
2022-05-26,91212.66189793433,20.504930291268693,537.7801409748936,716.9920314051162,2904.1588759711485,1936.7549944647164,27.558228431206516,105.64963230872695,191.5073045562941,127.99346925217529,129.53485563005918,86.00869538153016,267.60489013945875,other_sale,Thursday
2022-05-27,78639.28243838895,38.02894972379601,478.1449500814315,974.0672336126103,3017.730953205789,1987.1097304117375,1430.6681564161058,88.87625537696239,207.7505754832072,116.52699781879747,134.85289265592795,83.12314588615993,291.5529686235677,other_sale,Friday
2022-05-28,81267.10877989652,13.644091358558263,488.25120958242724,1071.9393775148988,3014.55929759128,2007.7441958479706,1410.8068826364715,77.23734464439508,221.26367337323336,111.98093845119685,130.07055312441503,81.35630462642446,622.4394830641036,other_sale,Saturday
2022-05-29,80668.8366065253,30.0608980288145,538.8453818223247,1263.615538809739,3311.224783064871,2249.299906484036,1388.5550649032282,91.26183141483824,162.003571560732,114.7649939565957,135.71647407788558,83.50234274922309,655.3359678907108,other_sale,Sunday
2022-05-30,95072.07389454178,35.70355159844061,525.9955552009446,1545.9042205560024,3309.632090988491,2123.735458137052,1162.6074245821965,123.12867795865229,218.54041386954108,130.22451392076863,126.56003086215519,79.96251824163328,660.6789211813793,other_sale,Monday
2022-05-31,66848.21765097936,61.98235242797237,478.9590260674826,2041.9307854165747,3157.0903828126657,2081.6117109782763,1050.1823944584942,93.2069081716689,203.75296492651992,122.65380025484981,139.1310233004916,81.73807300830286,443.80983758907837,other_sale,Tuesday
2022-06-01,63169.71249226316,52.93876502987682,495.62400690874347,1784.9198403694165,2984.6803806276307,1999.5473679328525,1126.9013092740256,66.80977938249809,193.98575516249548,132.8910251309131,131.90950352469062,84.97117701934532,608.9091582022562,other_sale,Wednesday
2022-06-02,57592.96627987265,46.7297035918383,472.7173221868101,1593.0036718307738,2933.133860930867,1993.641322650723,1068.034230275957,105.4185033278299,256.9079358699241,117.94151327996005,132.76015260555263,82.57769939420898,680.3906755611183,other_sale,Thursday
2022-06-03,78483.82847639266,37.22076134530534,516.3300980991094,1509.5694781010334,2999.2274473546786,2057.079327414528,962.4557683301261,110.03478041982709,239.02459171237678,109.33835012034497,133.8516295336421,84.26298325716171,476.34540232099624,other_sale,Friday
2022-06-04,50161.663321916705,22.95437584344701,567.5897941304289,1131.1375333444132,2210.547094743893,1333.5377171011264,289.56395875077146,89.84846499748566,204.90575956784727,111.33048830657671,142.70030016432835,97.18871947377497,335.6442288874311,bau,Saturday
2022-06-05,38288.60136912676,30.70146071224422,532.5225491513307,924.890013274206,2104.3878801936985,1367.6664444464113,206.6981613193796,119.83044231153984,194.02116395743784,111.42590911427793,139.52984171803269,78.79962669072737,288.2721468358202,bau,Sunday
2022-06-06,38202.95624898102,48.337648178631575,423.1658914469681,1083.677013785612,1964.419451723607,1364.2522117349956,211.47441751695766,158.77026624987147,260.01424250376726,128.34262134861413,150.18125855544733,79.06843663590581,382.1094708987397,bau,Monday
2022-06-07,0,47.00963060001479,404.6121781119929,895.4636861494009,1943.6062672234527,1271.2449038163588,198.69466248424908,84.55751587939851,195.51309398880647,121.80828859759376,145.14535575785115,74.97280823168627,476.72289328953445,bau,Tuesday
2022-06-08,38215.28228130165,33.591055481892866,379.61297697509724,876.9711268888008,1969.6454845645046,1320.817355288201,221.34574360758054,100.54159322729228,197.12143939358634,127.98144485886547,327.9472535452875,75.45258329765397,138.2393758958757,other_sale,Wednesday
2022-06-09,38642.38557606565,38.600155082671776,409.52967918145737,867.4728129538299,2008.86490601058,1261.8653924919251,205.76912622087724,105.53014839053529,213.44654580308077,122.56289445633695,322.1619321715247,80.3532038796426,181.66386996470885,other_sale,Thursday
2022-06-10,35936.464476724075,36.299442896567086,379.46394348413924,638.966337537446,2629.7237796293666,1861.306341070051,235.66056052967502,106.88359727144312,171.61055558035648,85.15799842885782,329.5215930032043,85.48391967753584,479.05965545120824,other_sale,Friday
2022-06-11,35280.79824672923,17.465747206871242,398.9278903537993,719.5582956223699,2955.0640754315114,1881.381621117877,442.75099796952844,73.67182432733564,149.5423633040063,119.66102903601124,324.907581736489,78.43593652175072,452.47898735854926,other_sale,Saturday
2022-06-12,43010.168039024225,34.50409754818331,473.9148647200992,837.3702783655872,3084.543878804863,2065.765135917123,273.13253782119165,76.76498634193784,141.74928952078204,128.74540348778925,319.1543597977846,78.2550377554752,492.8145316669395,other_sale,Sunday
2022-06-13,38542.81212247113,35.812321349203444,441.7731132135796,651.7041845825313,2353.3324898797327,1625.928446368609,223.6120453736483,101.4827235172326,181.70075991535808,118.01320069828971,330.3896279305816,76.091783357388465,344.60553862135066,other_sale,Monday
2022-06-14,38725.78417330229,42.44687090122558,476.4565597329295,768.836637588869,2058.4716642490516,1523.4776229265422,289.1639831835423,102.39809644870309,184.32388336140932,118.69980809958597,324.10254712559,102.99712697465527,688.7848515981552,bau,Tuesday
2022-06-15,38127.52486492081,49.907634248702585,456.9575409932521,560.1579809489238,2027.6713261426091,1499.2275001466378,527.2733880968541,87.4235751829733,185.89452204665153,114.76664953045224,324.1602563589123,82.36000797452434,295.1778732541639,big_sale,Wednesday
2022-06-16,38466.02304877999,55.112743405720856,457.6659395549492,501.1811342077404,1984.929332881158,1479.0584369030614,384.13381349491397,102.40912204422665,162.62271101671294,124.05125370635184,322.50184266458433,81.47190719441683,400.2854840588476,big_sale,Thursday
2022-06-17,33095.371001692685,59.55664951084789,400.0840358828268,534.6011986284594,1748.2426068685063,1313.6222571314838,322.533763405735,69.92756670263202,149.86004357186667,114.46148810226089,324.1272389903106,81.1327997415787,192.47918922241092,big_sale,Friday
2022-06-18,31041.149789071194,48.11161391241841,298.5828450307081,473.7962738576132,1677.4569586439954,1263.9147865974799,156.9651128643854,82.70519971528299,125.05572340387423,114.36155295568146,322.36483947611066,84.50823403074817,356.4463511140325,big_sale,Saturday
2022-06-19,23976.32586554838,38.63710487107268,305.02831127934627,369.9064299417772,1955.5702441549897,1398.0950750217553,150.69167444070027,56.580713900320134,131.34506360356738,114.48941081064356,324.17403208567833,82.54482179628174,504.33668917882403,big_sale,Sunday
2022-06-20,30640.68142098517,32.90436848398579,423.41831592218233,474.6819773300826,1852.045157226254,1320.3262077929753,192.8012643693829,89.3772820303934,195.52398497210305,127.82712122680164,323.3049463232376,83.1213162807031,211.26356694318923,big_sale,Monday
2022-06-21,32607.687225239835,32.855023715501666,372.3982983964379,442.5897006858115,2512.003787467758,1790.9308130255936,54.22815107234505,81.111745824494335,180.73489902064023,118.4322226427295,331.7036408334767,87.47097692633838,430.6914626306164,big_sale,Tuesday
2022-06-22,29610.304990077773,37.82094957977437,395.0558533071072,472.0521203056014,2397.8503842083583,1737.0847102531247,136.07196190989342,80.44275830243824,167.3102986113066,124.08339962416008,318.03710190310613,85.12287580147698,485.33466608906826,big_sale,Wednesday
2022-06-23,35800.90071059415,57.218382200103,369.9124474971353,474.00209140380684,2443.1200478978667,1756.1366743622389,116.22500586897431,89.80770915701797,184.11796584755245,113.26129252183651,318.89936702680103,85.77177047745664,594.4707764227568,big_sale,Thursday
2022-06-24,32225.649262164603,49.20155898580648,374.50588804140386,442.25290895102967,2457.624957480375,1771.4343167058328,86.76465687172839,107.93016513755964,162.80342761595568,114.34396678041892,321.7504088448272,84.09667425165755,1809.6316706377702,big_sale,Friday
2022-06-25,36573.82348177634,23.24323732011572,392.3610439207221,338.47839282749055,2575.4654331026786,1816.8556021237573,53.73712036732417,60.56979524318448,143.25825524436203,132.30730428180664,324.9467121809866,87.86291221125616,743.7874990571975,holiday_sale,Saturday
2022-06-26,37338.03746963014,27.712176903852995,397.6718781761242,370.70076673797365,2713.1576271452773,1961.9252960988729,93.59255175133629,50.568025543200115,137.68015437973943,121.6986088278366,329.3844389848948,86.12130123986354,905.9428981014936,holiday_sale,Sunday
2022-06-27,46184.40289825957,21.889355597761725,478.8124120044748,498.3228655300854,2287.885762676879,1521.3793387835085,131.5113873444253,90.08165011845033,203.86898625893366,121.40095762314769,348.39444968796556,114.71011211988522,1781.1038161402967,bau,Monday
2022-06-28,39090.84156146763,31.90421127855071,446.9689839531203,577.5523908265397,1697.2570761717232,1287.2863325282901,94.52523482442,93.78074700349764,185.1563764460654,77.27557620013613,334.8860366689955,92.98201319995962,938.6612255065425,bau,Tuesday
2022-06-29,37614.46940616084,37.72106254076527,441.5781466449583,435.25766723529017,1669.0912998600725,1257.7276723482678,124.54807049290321,83.45804480685987,189.64217448186668,67.80037192092718,342.0790230467687,94.32239897394768,424.2078700746496,bau,Wednesday
2022-06-30,36767.995674929516,34.93179628830408,490.7031954679242,463.02755639619375,1716.4545608884036,1314.5066150964933,130.6971195593485,70.57120764616216,196.62513537607643,80.69879854676661,346.43674099192214,88.96196886325004,209.4127908137235,bau,Thursday
2022-07-01,61615.448367642675,52.227736199373155,495.40305042662015,711.2505783552899,2494.130619585214,1798.3157895687812,108.12281564044086,102.49243398545723,152.02252013193703,85.5214264950826,232.33244285673166,90.8996037200298,316.9995943464145,holiday_sale,Friday
2022-07-02,61870.12533202181,34.77963829771198,446.2738055014263,868.5472458411815,2563.2633883559192,1763.3769682163033,98.25959196500688,88.25016505174203,119.86491081679843,89.56206953557975,160.85294986059276,91.69040353752334,284.7565896374228,holiday_sale,Saturday
2022-07-03,62514.31735856686,43.08846474837254,478.04747339964223,850.2796921008613,2775.8197746929036,2049.959741725865,208.77597796591402,60.71492374456279,141.02626382774469,76.10727611013121,165.42230306260578,91.4075354369484,324.43931683041467,holiday_sale,Sunday
2022-07-04,86980.08602928325,24.749754872327607,522.510778543272,927.5242378866666,2708.504136466894,1992.7122776421197,277.20830895868266,80.99843413580936,133.96392162613913,81.82372548642203,160.856858770785,97.73723614573582,220.53786031486783,holiday_sale,Monday
2022-07-05,0,36.59678795376633,608.0378496749033,1075.3287113544277,2528.7271428036383,1948.8994951242637,365.9975283384214,96.57291626216163,214.05395043501875,84.00248123618414,155.007647310026,95.62267222462499,517.1834982954267,holiday_sale,Tuesday
2022-07-06,38300.01142407905,27.370489116928884,475.87467442609704,859.0156176627032,1678.9570662384754,1163.9569570182093,358.5194777191183,122.74894848789219,194.60242773906307,67.59639236989193,160.06912138218144,92.47359565863324,430.3626233660625,bau,Wednesday
2022-07-07,34338.30678571818,25.699886410830462,499.28262290227167,981.3604781890353,1333.6005162794595,1030.3684225799454,389.1423763337961,85.5169122250055,179.1286405492169,73.06816409594086,160.67569531124457,93.4373983113427,2375.8380810090925,bau,Thursday
2022-07-08,33522.59728974343,32.0732822154924,465.02888718718043,939.930330375063,1284.2244228286859,1017.6688885919827,351.7358264666924,87.71939080273131,192.9380103659295,84.04895851298959,152.872039179048,92.09643978864611,4358.858407368789,bau,Friday
2022-07-09,39152.4553106984,21.079481262585897,451.8372925884432,986.0067886673655,1339.1617446643272,1075.520716726886,354.72895493554137,81.38466723016194,184.78003970600506,94.7528669210708,161.7879202228027,96.80585880843839,3827.7651615810614,bau,Saturday
2022-07-10,29856.06892052115,21.97513047776171,403.49377506893796,841.8055467584129,1556.5835104720204,1078.7336221285066,219.8308513014524,60.24970704936374,140.39306944564245,65.6769934385746,160.20799264145452,93.598489145093,2931.981928561142,bau,Sunday
2022-07-11,31676.15432658148,29.277872289841792,458.94170049394114,732.8334091994079,1435.1012756599698,1075.6405838097119,158.52977823913284,105.75850581456952,166.04861854893727,84.26491458855189,166.15694883130726,95.03274223533735,2493.7609167261803,bau,Monday
2022-07-12,43061.7385540094,35.26870062529015,421.2969353451778,805.0325989154007,1330.8605729081728,973.7570452729624,127.38396664903745,95.17756345587905,189.96689004861477,95.27786916572614,159.70413943265171,94.22364392809052,2352.876438900868,bau,Tuesday
2022-07-13,42144.14314237615,36.988975008817754,481.65363775440704,700.6058920248178,1286.4038226908706,961.9467688853714,129.18755921696476,91.42327431073625,178.0833089416563,63.221632960715525,164.5760512204939,90.07112978558254,2441.4115582259606,holiday_sale,Wednesday
2022-07-14,50148.08665048375,29.798847617399836,495.84054264546194,629.6364408742566,1625.4928152643488,975.6960821724966,140.17694412448526,102.81453741113691,188.0649384797335,77.5587049014373,165.95366844525017,88.69500838151065,2488.7787602171493,holiday_sale,Thursday
2022-07-15,38033.70534588973,31.595840191198633,457.7643229012803,639.8150696659176,1674.734255341967,932.7449014663733,172.72184825516564,87.12409380706595,163.60781462084364,90.88940221133254,160.69399793989894,85.21912994058081,2961.569509238744,bau,Friday
2022-07-16,33198.98335818903,22.95194486576376,414.4174796387194,597.7247405706938,1748.3403751450583,924.1838315452173,152.57731288140337,75.3114971374487,152.93209350672575,78.21820053035282,170.33941856369557,93.7129124050279,3120.4921351820312,bau,Saturday
2022-07-17,29428.876758251692,28.71396294114728,463.3276182201827,745.2095948199415,1894.630885543,1031.7521637731886,252.83489250072708,112.7846195609299,177.41782621227392,80.64551663593433,156.95555770122408,91.70288707170354,3360.8212451153777,bau,Sunday
2022-07-18,37188.16193873154,26.303766977490184,514.888815969199,678.6130255438458,1748.030567489588,1022.4539100459231,292.9743872544495,110.30684495393932,203.51372924558018,76.83150231555537,157.4475317146017,90.11269499139645,4223.444507667325,bau,Monday
2022-07-19,34565.33293820023,25.487886984528075,483.6207282891237,618.4525254999211,1611.7538635643136,1025.302010149278,479.8556005508804,132.24410509938429,229.06118942767603,86.52867428098992,170.1494683856272,89.22588567880535,3509.492230138851,bau,Tuesday
2022-07-20,33037.551364138475,33.37244174999319,481.9602793875863,684.7755332816735,1683.0773183021545,972.7167331592314,341.37821916285753,99.79441502529842,191.76839855206921,80.41371991275493,158.93048517030712,91.06524535764166,3053.703917270348,bau,Wednesday
2022-07-21,96689.87091827855,33.080551249299575,586.7429160477093,736.4210944715576,3103.426407782613,1854.1205625383757,1132.7179923796632,146.08619108849248,181.49492948405552,94.47153146003865,153.55915778310046,88.02932930249831,2822.171393386763,other_sale,Thursday
2022-07-22,94020.7791571472,23.385240464029344,510.1213051943691,750.7665195452838,3251.2958793452017,1885.0876084908311,987.1161377087152,128.3900866013473,175.15944698753222,73.72191186741597,158.93460677637742,95.09543754958378,2920.316436452981,other_sale,Friday
2022-07-23,85206.4631519192,8.959554724645503,574.7062401586248,824.1159286302283,3493.7707119082697,2013.0116112851802,736.4342146108096,129.37346449899647,140.52102682963965,85.95703877577391,154.6837055438477,93.99532339087446,2760.2240906169304,other_sale,Saturday
2022-07-24,86136.67298926142,18.12423538661998,599.5611119670475,1197.2044875304373,3649.3034971506363,2110.2075010779295,949.7290617153471,115.15344267608128,149.40386669642473,84.69365522501839,156.2510448954509,94.56780728141278,4078.0163904172464,other_sale,Sunday
2022-07-25,78167.04183781802,51.73625631943677,594.1450455722251,1513.2982375354977,3533.153398349971,2067.389629413254,889.7965816193021,133.7293903335969,207.77989971871858,73.0783007317072,153.74328001050742,92.12615739291377,4595.937399986983,other_sale,Monday
2022-07-26,70522.14435573349,38.92223889388443,561.060347284349,1921.0659727590605,3531.879138629078,2029.2194725711124,1488.2170946459883,129.77497275021133,239.68977702343872,80.13828357562375,154.99341221672202,87.20269445346278,4292.342967885714,other_sale,Tuesday
2022-07-27,110465.83014559532,86.35905647363393,637.758608567429,2203.9310182739405,3484.541610086597,1992.378671662526,665.3446095626105,111.498254393861,214.18735184589357,77.8394833158107,172.8470464988088,99.7700151025469,4133.298396031131,other_sale,Wednesday
2022-07-28,57293.352593320444,33.09264034098942,534.328368469835,1196.6331786858555,1995.8669941056446,997.0298336742893,363.3736694109942,145.25314093550116,222.53483870062425,74.67090162942156,165.40893877972906,93.65862219922262,3881.1792731713995,bau,Thursday
2022-07-29,44290.70587411946,33.661614489396605,464.1265707079981,1042.8733864877245,1308.468704179468,794.0958948782807,268.8492706639618,135.36178356332962,190.98817219461802,81.6326719878908,172.1419440362749,93.43019934259183,3895.4901504138825,bau,Friday
2022-07-30,35670.33310958546,24.832069071949913,391.75072964708136,942.7179166643359,1327.553555107703,716.9656746747636,302.4314643561947,69.42739563193548,162.46774619842026,80.36220102387003,169.74683354353928,90.53777541849604,4240.212236136603,bau,Saturday
2022-07-31,44180.879171537585,33.578749662959815,429.989567650726,1286.895778598993,1500.9466154140314,777.3036757283622,463.2779933124101,103.99121487563644,157.72818476335163,80.08811051244031,171.35925969864263,94.1010260529534,4487.259311400233,other_sale,Sunday
2022-08-01,38754.70154164708,31.476207233554366,482.0008801933048,1061.8379817514008,1594.766615284489,1078.5669675167228,463.1409328427092,136.01697745361065,251.16258719025913,74.1097984138239,172.40791118154914,86.71960579614884,3524.8532578875897,bau,Monday
2022-08-02,0,34.619707523142914,486.06042299256666,956.6796919479369,1484.6170400057704,1023.6718394884194,542.5371144518595,119.70326616678607,235.05621735055496,82.56360491154553,180.065990657543,95.678834225186975,2123.055212562868,bau,Tuesday
2022-08-03,43740.29581667613,42.72325134315345,467.33693395401724,861.5665802950922,1458.5332866992903,1042.913402812588,263.6174832692701,131.46248135322395,250.6252391768358,76.28656172025129,165.30024821403373,90.94851519400126,2192.8953619683048,bau,Wednesday
2022-08-04,43549.6988060698,37.5592099103504,411.3641827223588,943.1603198035499,2527.3870258649285,1668.4960193231875,279.59236393272533,117.5822870991393,243.93545242579802,68.79400901737911,160.81581225601104,92.14467760171713,2263.9711439877074,other_sale,Thursday
2022-08-05,36033.24719394101,30.80402380148516,380.6815820240845,761.6417505023164,2765.391449683947,1714.0385636682909,274.04425617388404,73.02616488399133,207.3334585479761,98.48106527834497,167.61873114984564,86.64424259321098,2553.9904823162647,other_sale,Friday
2022-08-06,41539.90702593562,14.343327761918703,345.5198179084839,774.4012489543526,3005.787399402116,1687.6414864670694,227.3899618631335,92.92941305591285,181.29555678724768,68.84336806850021,158.07051936649725,92.51928551622213,2738.3079363456927,other_sale,Saturday
2022-08-07,48857.93364562543,16.472691830854714,424.72414151670193,725.9202782725057,3015.777502102137,1895.9441790915216,277.3859973410096,80.93364495497471,148.88864252112162,71.46335306271904,160.05157679164762,92.2018396407163,2822.000169173723,other_sale,Sunday
2022-08-08,38683.88919992047,31.81174962340785,420.10111546708936,638.1471102827255,2135.305203245599,1345.9890655499164,194.58112321807843,98.36439854338828,227.43170580576074,101.30984874675391,160.8240046771371,97.4496433253225,2422.8283625482827,bau,Monday
2022-08-09,39201.06561909204,25.312592210441153,469.77496601831825,577.6285680262058,1485.0303467020492,1078.6813696956178,213.81134529286956,102.52987980508618,188.61630037068352,100.61008604429377,143.88128145683348,71.23386605124954,2486.24689690792,bau,Tuesday
2022-08-10,42152.89983580071,21.54690887769817,421.54229146222235,500.02593888362355,1559.1860259803982,999.2531435540473,215.6364378378979,81.73255613205183,206.8807040310965,121.64838143596842,157.62031790700513,74.37011604693583,2382.8635951628416,bau,Wednesday
2022-08-11,37774.87479356615,18.967575997808407,484.86413155504715,509.8404483236899,1501.5525104088895,966.2990571899973,258.90385294040226,74.82122628881682,225.3991596077828,102.02286632075574,146.09096864416978,71.39485055143253,2521.8768930147385,bau,Thursday
2022-08-12,45620.683620134616,26.54843284314566,431.54693249025985,542.7377941051526,1449.8008681392355,999.1093785994755,198.4796194793117,106.0220173032228,206.92349694444238,123.55463042389039,144.9676710642688,74.23482822316005,2352.3568714428293,other_sale,Friday
2022-08-13,35218.8794571036,26.718815999457405,503.69402882996286,623.8154522911259,1488.8009345538794,969.2828318176569,185.3457261983704,86.0462455532273,182.8373916728693,124.41950935287268,148.71674031378447,71.5534183164352,2657.976846582528,other_sale,Saturday
2022-08-14,43167.87915020374,29.217311832546653,416.97030717034085,627.1007932045328,1562.4404244115983,1118.498043265261,205.977065550674,87.82160351931624,196.2412508880674,126.97922751973144,159.18169917282162,69.94680414210613,2721.37313871995,other_sale,Sunday
2022-08-15,39221.74339435581,31.647165392571157,444.4326321460026,628.3019433469458,1554.7308822345817,1060.4269203350689,188.6924676446434,108.15328652809764,214.65677191986325,123.83293120784407,156.5813855937513,72.21275251458687,3286.750445505913,bau,Monday
2022-08-16,41519.15940669792,31.912595132835087,508.0096180526258,576.8456334516707,1562.0641937044131,1055.208835886331,175.48594409972452,86.59083919261872,261.30222111649675,100.1782536264741,144.99996283911207,70.90863298499202,4168.680620418816,bau,Tuesday
2022-08-17,78673.86404066869,29.877061440361125,574.2884710610579,687.8866509923988,2147.9531081450605,1404.9929995042053,198.11740456427765,113.42565849606568,225.9086712643587,114.70952135161502,138.5027164503091,112.74703444445973,3908.5309965992865,other_sale,Wednesday
2022-08-18,69934.32767710183,25.911427627040183,531.4103800548114,714.8573681711914,2365.4400475383154,1458.0494535864113,144.97022351551144,99.67350345110755,222.57489185230278,104.79005879629818,109.69981216020152,109.4984438771888,3725.100334843152,other_sale,Thursday
2022-08-19,75455.42262005912,26.69116977175331,581.8726628624142,1012.1622495118937,2425.69391041206,1535.285749397279,210.16491339996526,90.30350907816398,208.07019520758908,102.95702073260635,104.48323858458897,115.50631352340638,5362.352122210189,other_sale,Friday
2022-08-20,70620.65107181652,17.541069698762573,577.7118950341621,1188.064172424146,2602.727321932067,1516.9983187992166,214.06084335076508,61.46835308766135,187.01940815235062,96.76266782524168,104.19047809589524,115.08423789732832,6611.1505337569315,other_sale,Saturday
2022-08-21,79313.53825253806,24.089015256092324,520.6263583236456,1567.4124589403623,2581.4980273464257,1590.148965454961,243.22931354794977,86.25761184679706,152.981211737329,110.71344551482477,112.27638136351402,116.85837116153805,8354.338952202745,other_sale,Sunday
2022-08-22,98327.0851757593,48.87719327952685,658.0792232943058,1636.935722701752,2417.710101987558,1566.0999917237066,214.69178416853467,128.25990938940936,249.6873964635456,108.63633254575582,115.37863133233284,112.19736492855849,7912.31463159964,other_sale,Monday
2022-08-23,57458.87796989322,43.75360719383183,564.5928305047025,1028.823439229856,2588.4144815899735,1561.018205729753,405.2639262457129,137.67106997031593,216.63760925788893,120.22080478510875,112.44553444487627,111.37969443682225,6324.33737229728,other_sale,Tuesday
2022-08-24,51169.197451842156,38.688269570859596,525.7069355018372,1036.011590064581,1916.542375695596,1252.2754124860787,428.5606017712129,123.47481959048739,175.94939203574108,106.4155980124613,116.945300644633,113.70534181284334,6186.170266230936,other_sale,Wednesday
2022-08-25,46488.063876766755,28.036810891832207,513.2049631116165,1090.618288343489,1854.811466687066,1171.2391044600063,272.26949759572256,117.01494115060717,216.749870221224,84.33316328496701,113.01636977295954,114.96781985942494,6016.800870142167,other_sale,Thursday
2022-08-26,43922.44819335321,28.333227547442746,594.8778008994694,982.8349173844583,1801.5970274212946,1151.6613173353887,208.6911661525888,115.59327138396766,220.8965671646373,116.91154466933638,115.1202327491137,113.84806319022796,4302.4016305508585,other_sale,Friday
2022-08-27,43228.727401964316,25.968915539726584,484.2364732003616,1112.9849318933059,1807.3065233326395,1066.4074179269312,182.70090046417323,79.90308346597476,203.7355279868893,103.89202999866457,112.11689522292994,113.4349798107481,3893.9798347493793,other_sale,Saturday
2022-08-28,43708.058892914865,34.7837683421791,496.97242495851526,1197.283099598878,1873.7284825553113,1209.7500530391146,205.72960014396682,103.47560408888862,197.92928535547597,118.54235782864617,113.63465557976616,113.85661116558518,4110.284468878557,other_sale,Sunday
2022-08-29,41889.1965324259,38.112419778146354,485.0622582490316,865.3947922210359,1748.4799024520548,1159.7922828838675,205.0971480518794,133.30192375003205,220.85364334673875,110.94761703826964,114.2239158985823,111.90019519259342,3681.793735733584,other_sale,Monday
2022-08-30,44049.85144950015,37.004672610332754,501.39782053965,694.4665672785193,1848.818205959778,1198.8198678911822,225.17353170036148,117.5593123579798,234.7145893105032,112.89300004087181,106.78189050574059,113.04457802385184,3411.118328680763,other_sale,Tuesday
2022-08-31,44776.19775448537,47.071850025599225,571.2214444173703,610.7177182431827,1787.99642281432,1169.8667749043036,207.28538397291754,112.79435452166088,252.85473273593016,119.04239193233366,106.61763854946311,110.31385097494659,3140.774002434445,other_sale,Wednesday
2022-09-01,118077.86648321709,49.227462428593064,754.4024585614875,873.9281799146595,2606.013593814334,1365.9910546316094,52.427311183747896,156.58468096050947,221.10501365370973,275.2140480025232,114.07374041685334,113.93532258121094,2729.7747440709454,big_sale,Thursday
2022-09-02,83210.90056916732,37.777672948737084,609.1798865472833,805.24734263856794,2510.2939457554585,1325.8214728094406,167.91465583931196,122.2630007965679,191.34164725715576,272.1283081561003,112.06263535081985,110.39730780068682,3956.819918303452,big_sale,Friday
2022-09-03,76046.14034833644,46.63049619980284,620.040844585709,757.4775714257183,2548.9889151567495,1315.3839453283183,265.51856172319185,95.60049381328415,206.55863058520774,261.54796565581677,110.37600801946523,108.53868831769067,6313.893681339247,big_sale,Saturday
2022-09-04,77239.14973979205,41.37730397921287,680.653814673374,959.3623465744744,2735.862578669268,1466.7490656461305,352.10682911453443,115.99491182907009,173.8651267281531,284.0710996213197,113.42956067989415,114.63750960721258,8073.984122611095,big_sale,Sunday
2022-09-05,133675.34173364838,68.16866606295265,750.880538865217,1345.6940087688142,2673.503518771278,1418.3326842261802,521.1454712077506,147.268499876267,213.1467209414199,267.7557376620914,110.78392372922094,114.25325291959554,9591.592596661954,big_sale,Monday
2022-09-06,0,42.91658526463809,521.2427665930572,457.120092983201,2151.0106978679496,1277.3853166485317,278.77287326505075,101.57458645806527,225.07677273139234,277.1506533800199,149.8777447918199,103.75222766644191,8459.540384283519,other_sale,Tuesday
2022-09-07,64848.15644257297,31.623112418911788,479.88127739681306,541.3208226716813,2018.1281067553148,1196.3583724376258,151.9768425608325,108.95599983521973,190.7027861061002,293.5009203666225,155.81725389324998,83.28905664803354,6716.48852005807,other_sale,Wednesday
2022-09-08,60814.429797425706,28.35331359864022,496.165955267077,641.010596964966,1849.3910977455346,1147.6550808714314,288.0541328601809,111.70059422342145,239.4558274293487,263.61342207868887,149.9721870569093,82.47547082058092,7654.298539207548,other_sale,Thursday
2022-09-09,55098.06086778839,22.94680565075524,492.88330580832206,654.7363685295558,2024.0865506563862,1143.1679816134415,249.24117175142146,132.48915338675582,187.3629188165317,277.3889293501992,148.07571479040453,81.47358377072977,5628.687488924905,other_sale,Friday
2022-09-10,59372.818339472506,21.376596278855512,534.0886208069198,634.1218603811312,2079.5134001089277,1198.1078166572756,198.852239615656,86.325160325413,175.85534225668334,275.2081511667907,157.5102797477892,81.10196233849204,6149.099106912694,other_sale,Saturday
2022-09-11,65661.81114693233,23.99010255137103,485.05629717175077,1163.2809987228643,2159.8553916346136,1261.9910222769038,172.9600208176479,104.15015186739095,223.73781848566696,268.9448306374559,145.96782410863472,82.49918727383519,9310.46225113087,bau,Sunday
2022-09-12,52244.248155227426,22.78084859074962,550.0696922519697,540.5696381565031,2043.6397280416866,1246.2826715321985,213.43880467183183,108.74843122884845,229.45118973815963,276.8919477364757,141.7154675021341,83.82869713432032,6054.529368346948,bau,Monday
2022-09-13,48995.57400758512,34.27427867730707,611.5232390884237,585.16441021738,2013.9192099954944,1152.8833513323807,325.4618731456927,117.3544474276578,221.62111637429624,273.6880171744186,149.63785921519707,78.39845721126896,5422.8350675547645,bau,Tuesday
2022-09-14,47755.21644879961,36.6879886665369,574.8385965334354,467.89130198035986,2043.6181870649598,1135.8670593152146,292.2397003029627,138.08087788539558,200.34368337622647,268.22836809256006,152.289187323447,81.69331012058983,4497.022262593512,other_sale,Wednesday
2022-09-15,46705.818173897336,34.368725278639616,611.6271074599808,466.6700693012293,1932.6027117974209,1152.2255304265527,332.80055505671163,122.65166726338826,190.8973634360795,272.4580734271118,144.82610275282946,88.12522482567621,4520.471306185594,bau,Thursday
2022-09-16,165964.508623402,80.45825935081345,1001.5501620127916,688.8622074684388,3174.5615561538057,1715.792032009557,2178.457187572726,167.9230213144313,176.00201775476012,273.04529150096164,150.46011720533113,90.41289818142704,4915.3907048102565,big_sale,Friday
2022-09-17,175131.89081233751,61.36971187826158,988.8396285606606,891.659296417293,3972.50933963344,2071.0080536968035,2170.2736575789527,170.85817723557122,176.14197015040358,268.49499409638275,149.7869041019235,92.50419620127988,6744.6096216620035,big_sale,Saturday
2022-09-18,155082.80076016736,58.20778328321356,989.2699367525945,1637.6083804587122,4866.824065435978,2527.9611744146764,2325.979003586474,124.10981761825693,178.80807774010933,265.60990889147814,155.35057378376226,90.6040999037479,8849.941784075974,big_sale,Sunday
2022-09-19,144332.98085766795,95.07161152638251,938.7472184375647,1961.470136090026,4717.701397715719,2519.1775001270353,1640.1101581557882,173.47189071573746,262.9872095711018,270.3645881905788,145.32798504828725,90.88903196416457,10665.041190241103,big_sale,Monday
2022-09-20,139094.78492877417,101.78893225557104,823.4700899646185,2252.4386434831063,4629.369189059031,2464.570533958673,1589.5632358439211,157.86919144936448,256.7136221347905,277.0021188592924,149.62017353531456,91.65904773803283,12146.116616564937,big_sale,Tuesday
2022-09-21,147051.2892224951,92.04189034089174,802.7917388508899,2624.8294058857196,3869.214570394127,2052.3739728651854,1745.5467824255948,153.94322571502977,212.7264914318644,289.50685075790335,145.4060511488283,90.3992654354272,13226.660204584941,big_sale,Wednesday
2022-09-22,135707.14039696244,68.0986841422936,852.4294805446347,3256.715048691288,3660.618941114828,2027.5271368686263,1769.2070456651836,179.63803257682818,232.9568297155333,288.1999547317128,141.37964268191996,96.9851871592367,12200.854469158365,big_sale,Thursday
2022-09-23,125765.4237486625,44.0294483664967,861.1306008675215,2450.763330515909,3010.904008409727,1671.9874213469911,1084.174724352379,142.1016203052345,209.3819412913288,302.3404022620274,148.50829852309403,93.25154778855915,6285.726521849225,big_sale,Friday
2022-09-24,94399.60419526989,24.705841440858638,743.0121416017691,2396.306730370874,2582.1542758793826,1515.010589241252,850.7740350399207,122.23384145559275,170.8361459748386,282.8639010606194,151.38608538979253,91.13156850683494,2469.0978829877977,big_sale,Saturday
2022-09-25,99550.1072293193,18.170146739221217,806.4775245147212,2586.3960957250447,2828.8810083676067,1602.7701778231958,608.7450030949717,138.75473869759475,170.16348374214186,278.5512204848197,147.22564186858713,89.96016288119542,3383.267510128087,big_sale,Sunday
2022-09-26,122085.68172335139,15.276810022563897,826.0259446160363,1322.2532143193462,2620.6026728312136,1574.6735853305734,682.9016727141408,188.40464789950246,242.47850257329367,291.99869371831795,153.55016550127226,92.43857885526197,2942.075007462357,big_sale,Monday
2022-09-27,55005.104068061926,9.47585011386425,629.5070151294959,908.2650664160805,2214.583020366506,1342.8763244120787,525.9790674232296,105.57909266469014,216.37491058792182,290.67438036263815,145.82394959219246,91.4843855708791,3642.9187672444145,bau,Tuesday
2022-09-28,53763.984907269296,13.738286513864354,629.2093821444809,664.3069109530865,2038.366659780042,1286.0792217405403,459.2631648001428,105.52383845648917,189.6007850482646,285.0114975584698,155.11094746344912,92.98515384915656,5148.619736443573,other_sale,Wednesday
2022-09-29,50205.46194448696,10.529908935577645,603.1135086842909,716.3244127482066,2073.8708686193513,1295.030241192592,642.9784329418216,116.17809252589217,183.8025949857639,280.383943511629,151.86836461761672,88.25180503226325,4098.8381427002705,bau,Thursday
2022-09-30,51386.95924663262,13.90874064147807,668.4379539217266,692.7127949879249,2863.6189813768833,1400.8501029327902,686.9249402968819,136.60122079882706,172.58071698497332,505.03952073288406,153.29603690471353,89.56660969678147,3770.8620093801283,bau,Friday
2022-10-01,43210.59396535618,13.366496450672802,592.5321584851997,573.5661154642709,2876.1698589074717,1463.9505661978753,1037.0737141416507,100.55409458503499,194.91588435626323,543.7318137750481,158.5798650685815,92.17333604044275,3975.285342250174,other_sale,Saturday
2022-10-02,49992.74972808488,12.319705927108267,648.2740907264763,651.3468208105809,2836.1908188793723,1474.3575916439706,796.7495245842869,80.52711188330017,177.82949226856084,540.1754389803458,150.11344721136092,91.28298704998488,5023.916226146108,other_sale,Sunday
2022-10-03,55031.19505384663,11.46048127950518,616.9291406673225,476.39222666174163,2856.752462203958,1421.2232924748955,860.7510254583618,99.84135698940104,214.07404392235608,515.7977236578052,152.93210218072315,82.63210235582918,4203.530824200949,other_sale,Monday
2022-10-04,0,11.784480081923434,633.9872681999486,322.84912027269934,2796.850652698562,1419.8329148452951,944.7857046482244,111.4415276816686,184.13148595798535,509.1499666039037,148.1207818778376,83.94458160160474,3486.843792575059,other_sale,Tuesday
2022-10-05,54910.262740540704,11.54246263837938,593.2772776863825,351.4848606484096,2725.9763926542455,1471.6846335200405,867.7333214215038,78.69458952697948,154.74594501809136,522.3723346372349,158.33280505384778,84.51302872053763,3299.123007242444,other_sale,Wednesday
2022-10-06,43145.45145481408,10.678603293893651,574.5126824961187,282.1956272930769,2660.006367744098,1387.4132194500985,804.927959334705,81.19829466366635,161.1780960045512,507.7029501737127,153.53173803560162,82.23668571273784,3316.609236452039,other_sale,Thursday
2022-10-07,44983.95079736737,13.848119782229299,583.53850894942,247.69591409522326,2726.2253359837946,1434.8938967256033,582.420227029229,75.82620708712939,144.26368019110583,528.9395771790769,149.26019177689102,84.47498025505168,2653.648135111678,other_sale,Friday
2022-10-08,46340.43646001442,11.954439859713506,570.7172581966678,251.20630814653703,2783.222674553636,1437.2078247635623,500.8375372919723,73.95331840114429,124.5655571028508,518.9261246815167,156.14646204676635,79.8165394454045,3094.6275995399433,other_sale,Saturday
2022-10-09,44698.66095312108,10.048789920713173,595.846401464433,414.4818987768366,2871.7522063798237,1513.2909145079934,376.13242678561477,76.92172341817795,102.71502109703381,495.93079863436037,154.5836036300963,82.00844080442643,3710.796161733576,other_sale,Sunday
2022-10-10,45566.62626925025,10.879164750872647,560.2775503224249,241.27040693389569,2832.107780773173,1447.332673898433,352.7652083468748,99.27245861299346,171.38920679814208,530.0391553017313,139.01516506436627,84.59155899480079,3462.2964414718363,other_sale,Monday
2022-10-11,33415.27932920597,10.553734691199585,566.4400046788501,246.88978428853915,2765.798848554083,1394.8782031482676,329.4626428026466,106.00280175425391,141.59679449056927,531.421278593429,156.67868646877002,85.91911547571743,2904.992941699259,other_sale,Tuesday
2022-10-12,46883.93350991831,10.971760267932288,569.1196571914692,257.3552167247092,2728.2560602493727,1437.5439202473083,315.4360881983641,107.67080993389551,172.50652701566122,511.12654337014715,141.99680966147127,82.36736784112587,2337.525678864126,other_sale,Wednesday
2022-10-13,93096.06539874064,11.148949095728213,652.7275941067288,168.24551472045755,3524.7933712315694,1856.8567319342023,160.92546910686903,86.28272607453303,174.46467540188667,510.660849177107,150.0643907739654,85.0723615483348,2084.936247543935,holiday_sale,Thursday
2022-10-14,79453.191033418,14.821154778525461,561.9578028605436,66.56834753886002,3606.97990299526,1815.205147239839,88.57187392870122,93.53734706491751,164.77698414898583,503.0400563489449,151.86130136001128,79.54634437729653,3533.980335013988,holiday_sale,Friday
2022-10-15,79558.69178669901,11.185020854776269,501.28279280516176,122.81479960517146,3793.1700630039077,1900.8160584006973,109.01121604637251,93.12322502974885,140.3318943369707,508.3832291671714,145.93185359128478,86.06113072222564,5116.332614409845,holiday_sale,Saturday
2022-10-16,75347.98033160281,12.046920310437658,606.1886009112554,252.58030460619503,3867.8355372350416,2030.9611167903136,102.891904517231,76.48057446325915,144.77267506759065,524.8461692297496,142.7023280648327,88.34317064440008,7541.438436827524,holiday_sale,Sunday
2022-10-17,75421.39704139555,12.059045713766707,648.2465908921187,205.91334447122614,3903.8942476469806,1986.5829325576128,168.6248461544351,103.83420507459716,228.15290936348094,511.69394485817725,143.64573522393144,83.0251692885594,7324.915207364069,holiday_sale,Monday
2022-10-18,79105.36570141451,53.002157660607786,617.1196543979271,225.65664131908977,3711.173777638713,1909.4646331002461,132.4375444928392,121.50466250628344,180.71832636089007,514.9824180826639,146.80191929727366,82.72467234740125,8561.88734064048,holiday_sale,Tuesday
2022-10-19,82589.85616341962,51.63302686156193,673.9777919769052,177.19382994689857,3665.1863856697146,1916.060031145449,212.39503089860148,87.14063466821199,192.2782463710153,511.19478122362665,144.73717560921787,85.59644419287652,8763.01561497157,holiday_sale,Wednesday
2022-10-20,91192.15297949138,55.808017660966385,625.3930916793961,221.28079498812173,3708.415303050275,1868.6736507161363,158.90314145440803,92.56364492213599,186.35498708639267,506.1717469876372,143.14962748790947,80.28681479721872,8574.123858333369,holiday_sale,Thursday
2022-10-21,84220.12762180429,49.80149620051679,501.1760416291945,322.3347674084307,3695.870433510218,1834.148751643539,104.0522460484435,99.92910628025797,187.02727674317362,506.0140740388478,140.6072162058833,79.63582961700195,7425.186835115663,holiday_sale,Friday
2022-10-22,79348.84153300029,54.69006504564195,525.4075380888111,237.6406179877266,3696.1809625819046,1863.577326756701,66.7287404083635,76.55722083521353,172.30518193994578,516.9326906491372,139.1219930638495,80.92415232753568,6618.101166808167,holiday_sale,Saturday
2022-10-23,109868.45692009559,50.978326624557766,597.3824523721325,314.0296655568084,3997.36042714792,2062.5463128362076,73.70462229879723,55.507386725705125,170.8367894500114,503.1420352072071,147.31261053402545,80.88820264485878,8763.479151717449,holiday_sale,Sunday
2022-10-24,54505.38698013037,33.925616921999755,620.5401317543897,236.56881858371673,3266.957288918516,1691.9873740885907,761.0334855686906,76.0050803961411,211.1160599311509,526.49088494457,142.4941493895355,84.44673450008327,9164.947594902706,bau,Monday
2022-10-25,44820.93961066879,26.10974395446351,575.7557908677254,321.2249857153518,3007.2513543917266,1590.8699063600554,546.6234967136093,77.31932559061373,207.18853125576393,521.3799249136486,145.3898911626039,79.29274749614477,6864.830410751969,bau,Tuesday
2022-10-26,52676.62472708276,29.145765351224195,586.4875777726957,254.81925376123849,2910.2954083749814,1626.2385775406606,356.9111467369843,96.78479193235302,251.21258566180276,512.7248157947088,145.76929694416862,81.00960796497601,4176.979479299067,other_sale,Wednesday
2022-10-27,49410.203471192886,27.249801294619807,578.8788000727772,287.1996034391946,2815.6960311994358,1552.6626350631936,401.0222477998261,77.26325344706099,217.7458048786286,517.5285707096893,142.97946934172538,81.25035937797816,2878.0834347160276,bau,Thursday
2022-10-28,44940.35956891031,20.06869718396866,487.3290154403354,187.57048862801446,2888.6873049272576,1554.5847933400998,400.7072083530132,99.0816290750535,194.65210961496453,536.1875678892973,151.1514895569527,81.63077073864535,2859.374829697531,bau,Friday
2022-10-29,126826.28832823633,20.349650638307995,726.0918399652388,272.68437790664314,5362.538655536856,2634.3571325367075,580.7143094658636,108.32548816828988,166.2897998646567,508.0833124156992,149.69085268444005,83.87050247057813,4599.652771707398,other_sale,Saturday
2022-10-30,118306.31356890334,38.41504387464298,631.8808206131715,493.80798738372783,2263.30811698983,1146.7743535855166,670.5359952252938,95.18564976903022,211.2196190079308,522.1458437706516,149.60394213477383,81.92143949808408,6091.096376227527,other_sale,Sunday
2022-10-31,47283.610766865735,19.59011479786642,414.62226187571065,400.32903592640196,2992.1098767041376,1736.2398201288343,736.8247537390959,63.645136849237595,196.17918007215422,519.2854691578973,148.5201883434943,79.5401913456284,4387.129628498434,bau,Monday
2022-11-01,0,28.113961601620854,551.5733982393833,352.7897598794074,2459.9986696507867,1715.197986155072,1019.8587387963108,91.69907446632497,240.4654483674755,348.6839631099647,154.8878241362001,101.13153517716692,6115.812618519115,bau,Tuesday
2022-11-02,46627.94953993598,20.69895696086395,542.2246949834728,555.7567916912687,2392.9545170928714,1661.5221934526442,948.9389039298676,85.40551370441706,237.2114984715322,246.1908949801322,160.97065915439444,99.27562085332278,5712.425020999458,other_sale,Wednesday
2022-11-03,96238.34210922538,18.822814157824368,662.9322605958577,638.6459823190203,2390.788617036315,1643.607594597362,701.9552983513292,108.78874902370973,260.3396243431878,251.24912843572955,154.29624019514858,104.55771725993172,4549.296445790899,bau,Thursday
2022-11-04,116347.69052711182,19.98229211624688,755.8456641344399,851.9231692131319,2439.2545313220676,1688.8199701551184,555.0892237701361,112.98816770327267,229.42615342990484,251.29829733161105,155.38380314910995,101.4936605151117,4995.675267310831,holiday_sale,Friday
2022-11-05,102938.85464062287,35.945942323077865,668.1015767600019,878.759796234269,2488.3375557155205,1658.9473431908502,887.2214816852754,84.1427771399021,218.3437633210775,254.25646409538786,154.2733023263815,98.13888413864463,5807.581938680486,holiday_sale,Saturday
2022-11-06,112198.46623966348,36.921897173130496,790.4862007924783,1116.0888261700397,2498.1558292190894,1693.8763998029058,1039.669469931495,72.79099563839682,243.2056561282143,267.3647587073106,155.96883697071303,99.59914842776728,6968.330078257643,holiday_sale,Sunday
2022-11-07,87905.61085733748,47.65160851157954,685.6950561388228,1058.2725538157526,2431.4694669227997,1630.4383583699596,918.847051071267,89.71374099446398,301.41179149066255,245.77123597545227,173.86831311858478,135.76331588666946,6682.616760700868,holiday_sale,Monday
2022-11-08,97856.44400144434,38.00435449490929,673.1479385291051,1159.8200010666337,2447.3498667153935,1597.1213240305747,522.1583324464691,101.65233916497476,230.12977059149833,254.80975633934065,164.8196714735227,128.96290442849724,8219.907144363939,holiday_sale,Tuesday
2022-11-09,96072.96513816196,36.97110522774708,745.3361477535562,1310.4185776126203,2251.192202547218,1543.1742066182737,437.82622263944205,124.77096135934524,225.1571364389348,240.2054505934355,174.07239124555915,135.6597813097913,7375.193224874481,holiday_sale,Wednesday
2022-11-10,112166.57238834209,31.347691922684508,716.7570522055079,1237.772333124726,2249.4952821127667,1576.1717147381491,349.92963572598086,97.9315169922534,222.48025696032693,240.2685636180532,180.75220414723583,131.559534916625,7451.60797331405,holiday_sale,Thursday
2022-11-11,114405.15812132879,19.708530896813606,670.2885493454053,1213.770893765167,2642.629053721185,1698.4025790595178,338.23443595437124,102.99093022358012,213.76128094324292,264.46421528770327,174.45417979405596,132.91736038589684,7291.425048584199,holiday_sale,Friday
2022-11-12,98789.42049157071,14.315103717248872,733.6689637812145,1212.1753339382121,2849.0154249239536,1890.2833819697896,222.17106305313663,98.32536744787387,219.61877843572353,258.6948169829362,166.34499816224977,133.78401459214444,6337.457685307999,holiday_sale,Saturday
2022-11-13,100474.87787479871,11.549067406069446,708.0653814303379,1603.4986445357526,2893.589340764314,1984.929431741472,374.446960377352,105.59890861405944,191.6993751166295,252.23397614767057,174.3652058025038,134.8957550637808,7622.88728322404,holiday_sale,Sunday
2022-11-14,95720.54674897002,20.242256213307222,763.4951022995168,1146.997934538585,3007.7971204948617,1961.6919035331885,317.73449237334154,130.22509542534772,238.7091548636737,251.10865328377227,181.40460249932175,136.9036398858675,6014.477048635501,holiday_sale,Monday
2022-11-15,104834.86483068683,29.859488451751183,904.2923628360345,1196.2002350860573,2992.0967477050713,1959.097083334426,307.67442078353025,158.8377682086414,252.15579567592562,253.95710737677553,171.1875895140987,131.8764260524472,5254.743071707968,holiday_sale,Tuesday
2022-11-16,96264.39482008392,26.039857709499827,704.1039554363276,813.6053038917167,2735.336336957651,1831.0275666817595,273.2825587034467,121.97367062867157,190.7635479764412,256.9439558039171,173.64704511827446,133.05436030873355,5307.89780202053,holiday_sale,Wednesday
2022-11-17,99858.23329308596,18.48195974720384,845.1139341228625,796.6338390487522,2876.76533642063,1863.3889842894125,257.52697483020387,127.61801087889732,193.42872380607795,249.31436924433694,180.18990497914479,131.15525699467852,5057.165357079925,holiday_sale,Thursday
2022-11-18,99782.25361084625,20.337325959906217,738.7410796323604,821.8928492967284,2872.334809703973,1842.4986465474224,427.530124051273,126.7284883362934,192.48689334226296,265.5749607214524,168.5142998995991,131.00943493536377,4919.859148180032,holiday_sale,Friday
2022-11-19,93934.3721167151,9.810637048977638,777.9220539147966,663.9754131090248,2922.8234484858667,1900.0553990105045,352.41104423669617,107.23935633763664,155.04345026589718,256.69975432069447,174.59656664490626,130.77894504468262,4362.595052121345,holiday_sale,Saturday
2022-11-20,89326.63027270426,12.14965712390406,776.6980260116011,677.4698027213661,3052.0272780738655,2023.4780210853924,333.0794038910504,105.67105697109777,185.01487956615054,251.74992049079182,178.96920360060983,131.93052302387085,4865.962088073547,holiday_sale,Sunday
2022-11-21,84380.4969342474,24.319677431763758,773.9691992234116,646.5666766036754,3257.106459293704,1964.1472788547405,317.27265593934095,157.99153971279176,185.6203604502733,405.4190613386495,278.60277649349445,134.5760260104063,4116.504665312939,holiday_sale,Monday
2022-11-22,84913.21204645136,21.637772332305076,701.6948363596007,600.4466799408896,3521.1445449019757,2033.3795353914884,313.74881770612865,134.2108780618045,134.81195838480073,379.1111207161443,272.44883267658037,130.02246106465068,3552.634495014272,holiday_sale,Tuesday
2022-11-23,86214.94629909219,13.5004459381016,788.0540641504152,547.7006216281787,3291.7263432110244,1980.424072387695,318.7929325034212,137.71825721081143,121.9344119376501,448.9739335416317,334.2610459299825,180.57446758192555,3727.65030343814,holiday_sale,Wednesday
2022-11-24,133854.20570105175,9.132253601357373,810.5059736371724,2587.506791638385,4004.758415156247,2443.247489833245,269.07375813827895,117.35069950013023,91.61582800016399,459.6431878375953,349.2745270997242,205.54352594315273,4796.141461362508,holiday_sale,Thursday
2022-11-25,236541.96280245818,6.121637407530427,1471.5806672988813,4753.698366088527,4240.710309900079,2461.352957882955,284.00651835156054,187.21395334756073,133.3338170135798,497.29462585522913,433.55840965455826,300.95370499062926,7548.125723251186,holiday_sale,Friday
2022-11-26,175709.9945192038,14.51516499732675,1031.1648413038058,2172.02251912992,4238.390941048867,2571.271282486079,263.83930818447607,118.62037908287492,111.17961501050067,508.24032723110435,430.40251523613205,305.368060386158,6417.7211306939425,holiday_sale,Saturday
2022-11-27,120825.64446248193,19.586036397555006,935.339088846213,1139.667786929711,4678.675623431291,2815.71946012951,304.6111670585854,99.96523628176492,133.09162065184668,505.95467520597305,437.09532226083707,302.80696197777525,8065.998375507999,holiday_sale,Sunday
2022-11-28,128214.19546077432,34.624831068874556,1078.6252421838299,1167.5905915679075,4295.665817037816,2503.6514366915735,538.8774487176088,140.6533299482797,126.13806985397694,490.66468569424734,436.50328759408364,302.2865166060851,10471.839795897988,holiday_sale,Monday
2022-11-29,93196.86275856865,20.228881505907356,822.4949253340291,957.5581932406864,4097.872678030805,2433.275163739459,643.113145497249,114.44648532432456,159.0356324778293,369.9197750991748,465.429692375875,304.05432713038823,9496.81623024146,holiday_sale,Tuesday
2022-11-30,82037.1401161972,25.93576478364605,660.5273219807119,837.5454490993651,3790.7005642306344,2307.338303112415,429.1505483743547,93.33212549030021,132.85250473862877,190.8269005389324,457.47619245305117,280.0121320588279,6444.703975961675,holiday_sale,Wednesday
2022-12-01,76839.3473907204,18.917275873725252,624.7743409780062,827.501893909652,3405.236977812659,2052.661761015422,549.0254956950391,104.41997128274885,160.08931722859694,353.16360051260625,293.098747239772,182.18536290701735,6101.937587704869,holiday_sale,Thursday
2022-12-02,90525.4022311003,10.166885819942133,629.4023252227287,823.3632255101311,3159.2904180602536,2030.3484009117751,1073.8074345238642,111.16025106897231,149.8124320356538,340.57430998050694,233.09160299119517,154.5906189978099,5256.855821950866,holiday_sale,Friday
2022-12-03,101517.76056766213,18.05593028452776,630.0536975310001,585.5279963003479,3424.4026596884173,2007.4070841710331,905.0330043579858,84.53986453672843,176.47523215509142,354.86878416365806,234.16376847272673,155.31350953452662,4788.875397247711,holiday_sale,Saturday
2022-12-04,61472.60027119352,22.84686693732941,485.7005025845217,744.3791732757428,3022.4164369831074,1740.678419793235,197.4651509891538,93.28778522172342,175.99801777586063,352.0817094340529,161.58293091642122,102.44012388039883,4946.003710921135,bau,Sunday
2022-12-05,49248.64432534261,49.31509156784489,489.50593662720775,616.1932532629978,2782.827468469495,1621.8138641805056,367.85766465925695,94.20255608941527,217.85023304548344,363.55537571306667,161.7550717327163,105.42600308424322,4467.493349891424,holiday_sale,Monday
2022-12-06,0,31.288535535803245,496.5724290864085,550.6040730908678,2778.406550438787,1611.0786976799488,462.4167930424148,92.5328579143537,186.44556309823471,385.93294196337297,159.61653436003562,104.97579590128548,4713.675784139737,holiday_sale,Tuesday
2022-12-07,43912.75616289234,27.31761558901936,475.2257024637284,552.0118259966964,2769.5020576754096,1607.431828964852,286.04274173903826,90.25807777010658,194.65444631122028,354.59565950429453,159.2114355074445,97.31012749794523,4901.087049759353,holiday_sale,Wednesday
2022-12-08,45106.62809313534,15.549994208071668,514.2762880907871,551.2779401967929,2706.6054420577757,1570.1315621415129,185.85174211067346,114.69818700018085,219.9773971644708,363.53771249986454,159.52780027921085,100.17020005185208,5129.405434729672,holiday_sale,Thursday
2022-12-09,49202.02134915766,11.956406280546963,488.53602789801573,740.720647082253,2749.139449322977,1602.4035922205899,105.78094524279018,83.20922537650627,180.15449252511615,354.62560870367537,156.16942757082802,103.84676358415767,5362.065614604243,holiday_sale,Friday
2022-12-10,45534.0918571589,16.230202922309395,469.35528706790353,1098.7929457536502,2877.861481167807,1662.3805538588106,128.81606114604156,52.53868818263212,206.66058715619315,357.7267603910248,156.57771484299903,103.37305711911466,5491.282505873057,holiday_sale,Saturday
2022-12-11,53854.25453788892,21.464934551224463,513.9251556965793,786.706346032737,3154.8105620311435,1821.000184005599,134.35903453480347,72.77433495984154,252.68581447018062,358.44798413812475,158.02381108457888,102.63938959101388,6429.366232992743,holiday_sale,Sunday
2022-12-12,52967.41564319711,39.408025762121994,528.6714096461486,720.0300241753146,2938.7794641111027,1675.850380501935,145.47889116840508,86.44586485350764,307.73301021537674,348.997645491062,157.6334116274735,99.46732964600984,5933.854868030166,holiday_sale,Monday
2022-12-13,45180.93281594014,41.77500190614008,504.6631458110658,661.7571220073863,2898.6600400550406,1647.9300995874394,135.17063890730736,87.31374288374911,261.9457124491043,363.36945550840244,154.01244105607265,102.09110295760655,4851.993398468944,holiday_sale,Tuesday
2022-12-14,62984.46439551117,41.10330371001599,513.3744924780277,591.3546404960393,2562.2137064492053,1610.9636454229135,225.80288279475508,97.08608937585637,272.9240640973511,346.3002983905364,154.51417613755726,103.95286778639412,4190.83573019038,holiday_sale,Wednesday
2022-12-15,57347.68880229256,57.57292032527081,497.49319830156304,630.5161106336891,2470.9667258975196,1550.1887629842888,248.05925582506694,79.47606473277317,284.2105230711099,354.60519942344575,107.41882503046062,83.73709042940129,3952.285655268608,holiday_sale,Thursday
2022-12-16,47123.55937152196,49.92396779428234,408.81910131673396,428.9434221635445,2301.692546577546,1489.7737995448606,147.59426833545587,71.00610234634931,227.38718466597206,249.07391358508977,108.09898455210589,80.55355707634361,6016.827489066783,holiday_sale,Friday
2022-12-17,43726.97601384156,28.56079168586807,371.01516058530177,607.4803494201398,2169.338040698342,1524.0669993164634,236.50456387751947,66.33018324362415,235.2683865013112,221.52914622694317,116.37220448589451,78.25011743057745,6374.933841703896,holiday_sale,Saturday
2022-12-18,61572.87810143763,34.01812928400745,440.056180311341,562.8212944434393,2552.8312165222887,1674.6484288372055,191.69674997384442,65.03336284025457,228.23888798100919,252.60320986393873,108.30237748606548,84.28927922220956,7410.681748167557,holiday_sale,Sunday
2022-12-19,46052.84491885065,37.814489651015116,470.6786328513697,423.42579090842133,1929.4068372218887,1242.5506052681071,222.59876415345798,55.047758771518275,266.07650466359684,232.96142274101626,103.31063133749802,83.97557362185232,5140.364948270457,holiday_sale,Monday
2022-12-20,39362.67543093929,24.998108830974616,442.64675912781155,251.28688325241012,1575.8258160550965,1093.4600825062569,123.61505655523794,43.13044691994571,165.45339773829042,232.7679559636491,116.21755016882305,80.42965280976105,2001.2101084793783,holiday_sale,Tuesday
2022-12-21,41105.90346071318,34.912649343165356,403.8054463374142,203.29277136075433,1373.3689211779883,986.2813823214708,45.69585844175197,69.91296278849461,197.61051296777268,217.85684680705663,88.87137912582182,67.93122348330087,1723.9970560945783,holiday_sale,Wednesday
2022-12-22,32061.67413248755,36.09069095618327,442.3363509237135,179.2631887021733,1329.4994505239458,909.6684472030488,107.47468012849946,58.132351582423404,158.69064611372315,223.39298682721983,63.51658077687307,67.95109131230382,1929.4558957007876,holiday_sale,Thursday
2022-12-23,32325.255848316137,23.367874387902738,345.3369967313267,142.4254845324239,1184.6856443945674,920.5148928705396,111.92261966921782,52.143832784373615,158.68234575466062,226.61877237700847,66.05058023542117,70.6408928830608,1851.2288130684663,holiday_sale,Friday
2022-12-24,27253.377382526673,20.513399514689457,324.50125864793847,142.85407219559553,1275.6693066306025,933.7928207008189,63.311713028801336,31.425445732289482,127.29855393488678,206.78760134321922,64.7047240853905,66.15705325254663,1794.811263799087,holiday_sale,Saturday
2022-12-25,29489.024451347832,11.41581052028389,318.91861065353703,201.43090625755087,1465.9890088171148,1032.6072494914094,63.43616945505078,28.10939726883018,116.57919285970695,220.5398679684165,74.18431245062655,64.0355175280308,2110.3286689458864,holiday_sale,Sunday
2022-12-26,54810.13658225411,25.417511954833483,525.4744140142325,260.02686489984086,1893.1433116071141,1144.597106431967,171.69543105108897,81.65133960004736,282.9268061867886,221.97810559285364,125.72339837085556,128.93873788981358,4579.063327799297,holiday_sale,Monday
2022-12-27,54048.44722475604,30.6743548447235,534.4342735698806,392.53379878664197,1895.9159524171762,1123.2118750310433,255.2837077612218,104.71824173688434,329.48202602961453,219.0176962288438,129.30789890183436,125.97462203625027,5737.69733990364,holiday_sale,Tuesday
2022-12-28,64873.60266184452,25.01218817239287,537.4772458523619,505.1927894904659,1859.9376891896122,1106.453077147727,276.349920416755,91.523994189763,279.37836196696753,219.41390308083734,133.07070381510852,123.73009139592034,6469.472813933495,holiday_sale,Wednesday
2022-12-29,66821.41919783005,25.327118345958922,470.8032185862216,468.5401486323135,1924.3902327066037,1140.9908826078863,491.19818116598793,98.46585576390682,323.378840690787,208.39546017772716,131.90347936921322,128.4833970680799,7291.438044130242,holiday_sale,Thursday
2022-12-30,63597.0579943199,21.42741840095305,488.44238618547047,561.9702759487545,1841.955595425196,1125.3365885844173,600.9962743692436,97.3410286630777,258.5400631800408,236.08079638641877,130.93929014815643,128.31887529724173,6254.706935379542,holiday_sale,Friday
2022-12-31,60298.148883326474,21.59613157639054,489.9886666663989,540.7880106924085,1742.5283197457875,1108.6128245000439,863.1955920624825,84.63840393179072,238.42843902670182,210.6956160750009,130.10950096778214,122.53896839288532,6196.894375756484,holiday_sale,Saturday
2023-01-01,67564.06399947112,27.4162199747022,460.1008553089101,999.9941653857088,2102.27371757842,1261.0803821442923,783.3838201727086,84.4799041858011,275.1850987137415,215.46841229933827,132.5425979656933,126.26161841463504,8518.245224254199,holiday_sale,Sunday
2023-01-02,73702.1790940103,30.079358757211594,544.8603302650877,1222.480258458626,2078.4898771889716,1281.7270579515032,655.9813398765134,84.40966347207471,326.8337641477015,314.21336718860965,111.03374126326158,78.72080398538523,9850.717628731516,holiday_sale,Monday
2023-01-03,0,30.226296521590115,503.28155385594323,753.6138891494465,2308.4725845520516,1237.6415812186665,244.37547107207095,108.00931289271269,374.7142505055013,313.8060793066712,114.06422501852305,77.38472748047712,7966.003191246581,holiday_sale,Tuesday
2023-01-04,86921.44717664823,28.22622262118216,559.7025252731343,707.2974267105952,2149.2827409934853,1184.9061186744664,134.49633558881467,117.1716981060914,290.6479891923827,312.3446272601328,101.91878325371302,79.28919922696313,6566.46644191788,holiday_sale,Wednesday
2023-01-05,63016.91316180458,25.705710907639126,571.6111016352498,478.07015903247265,1981.6999506173254,1228.9977876383625,613.5768995826569,108.42669164329047,334.51639120374193,317.6227044398697,128.58687107195087,22.878083663290543,5391.886764059037,other_sale,Thursday
2023-01-06,59802.54943346709,18.571207062593043,535.4004638065916,380.4856250512578,1630.9659371964622,1104.9317816408723,539.8580656927506,108.14101074705297,202.66285600127065,276.469454850667,125.44624419587112,29.034427668346076,5172.568891833536,other_sale,Friday
2023-01-07,60249.414873636415,13.722872777994938,591.0575885821015,377.63354994188444,1615.0895257920245,1141.2734566676925,461.532738054292,92.43712083987826,162.61047330070485,270.8846942385714,132.77682221249185,28.773371809036583,6742.723265386721,other_sale,Saturday
2023-01-08,60114.820231864505,18.155966202103937,565.0609352974107,420.1148599676807,1731.4276764233935,1223.0808927201829,442.11860235127,103.6261842989822,161.02309791733768,296.23855792425894,124.26839480028995,28.33508759423704,5958.742434789585,other_sale,Sunday
2023-01-09,49460.32960387589,16.06152549183601,525.2544295416757,366.03756268831495,1763.3274064749162,1137.3390693265858,370.6880475881279,105.62944866173842,187.98888694192087,282.0128614251122,133.146291018142,25.161696256457283,4836.103304877342,other_sale,Monday
2023-01-10,52387.53144189314,16.0368232136098,513.1912709599466,297.0121660844797,1702.7575552667245,1158.5801461959184,430.2995565658463,115.33153701264806,179.99598551969007,276.7604876674055,129.54451481008385,27.849058721394172,4456.035246608553,other_sale,Tuesday
2023-01-11,60645.16513730918,14.716024746406305,581.6001362979192,212.49196002041123,1589.8193907563705,1096.7293476501554,474.5573941819464,112.55702823497255,179.90689800096328,280.39000765397896,133.03258863126766,29.04682024927554,4063.6706422105203,other_sale,Wednesday
2023-01-12,62974.467789382725,16.727874795927853,610.9861009100173,289.14137632509266,1538.9690286061068,1102.7726290828898,376.4397419165475,99.33543707490604,158.52927539604903,273.7881941799932,124.00882957459143,28.902368333371065,4164.91833552852,other_sale,Thursday
2023-01-13,59472.42713903377,15.892450631508662,587.7392038650856,278.53736624360386,1634.1458066568384,1100.8620200889009,350.63839320594093,122.01308085188766,137.17521522102882,261.62333447330394,124.055356622643,28.35149719012289,3501.4012764057943,other_sale,Friday
2023-01-14,58277.0922253465,11.251544376204361,551.2617064380318,285.70132234639715,1655.0963532384073,1141.1421557771034,422.29434228149063,101.61033251611657,147.2812784273944,285.700967465569,139.99025820924032,23.764588864894456,4389.143205569559,other_sale,Saturday
2023-01-15,58978.47020881811,15.158483310991704,552.5624038863288,395.4931858083413,1815.1151680010971,1245.661254969393,542.8475856224759,108.21693497179618,175.7975014569864,286.68742675946834,125.83562971115948,29.6761147060937,5861.232078784172,other_sale,Sunday
2023-01-16,60003.657474252424,25.212897486098218,600.7604084422312,441.09486056691105,1738.3284215563315,1173.582531485439,469.0602646480935,101.34056463034682,163.1916910015358,269.5478542035182,129.4322377268458,26.611080254406627,4982.480693617135,other_sale,Monday
2023-01-17,58452.42894218588,19.0461003704129,538.0386120688902,370.4197355755533,1718.60712095895,1111.022736886371,550.8460390744926,88.85434806117307,156.8993364485853,295.7439670413466,132.47952709727366,25.750823402842926,4022.258622376512,other_sale,Tuesday
2023-01-18,59344.7865076479,28.01764502401248,504.6627568451384,356.949799036639,1675.0083720653263,1075.4437940232856,515.9059223104628,122.65974136959127,153.44201828794354,301.85730981972966,127.0376874485077,28.160290242639174,4003.296883630144,other_sale,Wednesday
2023-01-19,58787.32549386449,23.01450579464065,509.5399288170294,490.8624158362018,1633.4702774261477,1081.6352032366715,690.4113946192557,92.5522846394263,136.51136667031477,288.1679743436082,137.72538027308,28.717466335666064,4317.421765018723,bau,Thursday
2023-01-20,151915.66492278164,40.22707924178571,855.4483739489922,1521.7402201255832,2845.3421652460147,1486.8034549655588,1489.1409620567126,142.6089708187487,155.8628472719447,306.21386149820904,219.5730145732774,150.1935053697336,6583.981709078503,other_sale,Friday
2023-01-21,141320.0737050294,32.08589987200708,784.0137964054277,1952.5687956355212,3033.950974145632,1687.2377298676622,1702.343012888489,113.17834611099906,172.73185664962887,289.20900763646637,229.3347185442018,151.63615266890682,9007.31036875399,other_sale,Saturday
2023-01-22,156141.83215244545,37.78356273984366,801.9858815875397,2659.487054037384,3493.7064410741177,1914.973311928552,1424.2455623969697,103.91255236815387,189.0692538952646,302.2803122860857,227.53731890781114,151.78336217551467,11626.56217244655,other_sale,Sunday
2023-01-23,123256.81676085982,75.36927823314812,797.1291191031102,2155.909656488478,3325.669864480668,1825.9513191166077,1547.1644388576524,131.2296873550534,180.95972121170638,317.09891397484313,224.35369504157748,151.93493745348528,10713.836258999218,other_sale,Monday
2023-01-24,120859.1139237253,21.93813170765207,765.2430632818694,1834.6112213555252,3097.2554893770402,1700.8783621773591,1387.316092998601,121.31188992597095,191.07902270481253,315.7717050474091,231.1234494624459,152.50121975332442,7612.289065811745,other_sale,Tuesday
2023-01-25,126888.29356680407,3.906576098870379,929.5563883236795,1748.5014631448257,3096.479015779171,1675.6004374571714,789.2497200436865,158.304223775443,171.43772258562305,312.087582879115,225.65088448177826,154.97809430488647,6807.793684147546,other_sale,Wednesday
2023-01-26,126933.41461758809,0.2188098834668215,997.4466284693408,1885.1353763717646,3064.0955248069486,1687.0013778648708,494.8708521316056,163.20979696401292,167.76578891565987,299.74947902327403,238.33854130092035,152.21617035594488,5816.14815825572,other_sale,Thursday
2023-01-27,121469.83903311087,2.8359479067296935,896.9812218448859,1952.0091535842669,3219.0868948704865,1730.3972910612122,607.8556657164912,134.73643897843178,203.36556052372455,316.7617383048661,229.8617398503555,153.6348809096241,6555.035861219489,other_sale,Friday
2023-01-28,105124.35144868268,2.197205081072818,916.9674254440655,1931.818677701954,3129.817609665613,1714.1570588636137,891.9577054781064,121.46506187502595,179.08506182487477,303.47576784165636,227.4127621395162,152.94610495084427,6335.985789757139,other_sale,Saturday
2023-01-29,164065.88103147736,4.540585307249707,897.4852037626304,2496.3477978454257,3584.4553148637765,1874.6881375493965,859.251509871282,169.01131310630402,186.1863830758947,329.2122562147746,226.17954842801828,150.13325187218697,7520.520709029315,other_sale,Sunday
2023-01-30,73180.86427137651,1.5666176834137775,707.8060675101916,802.8348016317904,2131.1031500254376,1239.9307475834541,200.32887778041535,136.58739316607267,223.94124045944966,293.95598394773356,108.4141013374043,51.89463312688576,1526.308573328971,other_sale,Monday
2023-01-31,56221.28403739437,2.9469717533265136,684.86940189943,689.1899182756972,1370.2463702732975,941.0148590964122,265.4302372780646,131.72358298002987,220.3899325306045,285.4226876853495,105.35227044535624,50.28236870879678,1786.1180733779274,other_sale,Tuesday
2023-02-01,57173.268994102415,2.5280398516936344,713.763851760121,651.9947007835582,1484.9572529609686,998.9440020020953,218.71333442169615,110.17133451507526,184.3141528334177,210.8454664896319,103.05943997470567,53.558260717766856,2923.307071666614,other_sale,Wednesday
2023-02-02,60855.074733553934,0.8843494314745637,676.9087760738914,703.9280766518328,1430.7038895513103,1003.4242224779346,304.29122382661706,128.73395198123492,167.72881086866423,158.58119681950515,108.6989901855793,52.378804853446994,5762.577000630875,other_sale,Thursday
2023-02-03,58040.05043380938,3.331043202499305,705.3115334763922,641.9784425802686,1469.542839300054,998.9632648669123,171.04339200440614,86.02883698680384,173.30902516310684,158.82277786399246,105.72311843233409,50.99447289006023,5502.568220767277,other_sale,Friday
2023-02-04,57009.30623370709,4.178692501668925,717.3831812442468,667.6293079952591,1619.703126896439,1035.2780171340269,226.45909399252582,79.54025687702217,138.63847822901985,159.79288009342332,102.2387433364094,51.55631011963089,5293.335900320188,other_sale,Saturday
2023-02-05,56948.71202518314,1.5152147780391232,631.0581215044475,694.0903892519332,1671.2283560102908,1096.7535412117193,208.32737131560646,109.52308359264482,145.7762446982632,152.5480012079479,109.0117039021176,51.156352407895966,5658.472524732104,other_sale,Sunday
2023-02-06,53687.86423894927,2.4806828787823028,642.6394444354994,504.7676195178904,1660.871166354779,1102.2636671092826,175.65838250768888,105.04032415449689,173.36828099068472,152.98010060868708,103.9343015872388,51.65419762064683,4842.670897339139,bau,Monday
2023-02-07,0,2.0008067013956903,667.6689281325662,393.36030153851993,1607.2619134273725,1049.7270660944027,186.85445218305892,119.57696890561179,169.78945221036494,158.39260463723224,111.32072283016015,33.1594206340551,4343.159893555621,bau,Tuesday
2023-02-08,52919.537581128294,1.6455057082871385,640.9917303719536,386.5188385177469,1569.2353411113627,994.0107183498742,158.85850222874635,106.0444314618907,136.01768016184144,170.38518197547685,100.10840226334068,47.622750669625866,3878.1428135078386,other_sale,Wednesday
2023-02-09,56863.34666478581,0.6385656906866777,777.748612414087,339.65917952194945,1527.6679082793014,1028.8517056861288,187.28362946509836,117.96326094068604,160.67612460264414,152.93774017068193,108.12559890090806,50.23463660559166,4049.523807036084,other_sale,Thursday
2023-02-10,52530.3255265294,8.380882091806425,876.4709879766251,319.15202660911115,1587.1613069259793,1062.0223450528608,206.93868636319044,99.98894966524169,158.5757475813769,142.67581665869454,104.74511498213548,49.92701429857585,3149.9540543435396,other_sale,Friday
2023-02-11,44484.15575723578,8.901834511510732,921.0190014777853,338.8700454097647,1579.4368394141375,1083.1693706691656,103.91601198274535,84.40938582697041,128.43253604794154,148.85209755798468,108.0260407105175,49.80773283148363,3535.88401763299,bau,Saturday
2023-02-12,49781.082057736545,12.193213567217224,740.4728963893053,345.05762160363815,1757.3269919262548,1124.3147487874435,111.9117202442595,87.26287752306487,119.14460192790123,145.45573468140176,106.25678437262849,54.87402142083663,3317.9996861478185,bau,Sunday
2023-02-13,44614.00414847071,13.047684368901281,702.5296681055739,365.2330668503511,1610.8464925265553,1050.30888745841,291.2589581488137,115.76709616593257,175.83953616238725,161.69791212537925,106.99925722798687,51.8677295305643,4070.861647450511,bau,Monday
2023-02-14,43167.607423956884,11.304234662307783,544.8459892016047,361.38007918629705,1642.5320439064074,1031.6754203089038,422.5925412999929,94.79420490906885,131.6861361206617,167.63537247171178,105.67111038057074,56.87081455858596,4126.567728323977,bau,Tuesday
2023-02-15,51494.08933190198,10.277038110494972,612.3509186215533,342.0716498525063,1627.4959304770193,975.6779436786203,311.7064831545077,117.2422430730617,176.77309808830606,147.37951292163393,114.19459587073817,47.33746336897944,4223.756768661667,other_sale,Wednesday
2023-02-16,125447.8298512205,8.55565392524307,1023.0603711091082,433.192365494651,2888.5675497596953,1546.2202733575705,300.2760825156047,171.49073709692945,170.3043063067224,160.98718372161778,231.2511547490846,154.3727171103095,4841.89184228144,big_sale,Thursday
2023-02-17,106180.42578168237,9.820802116243678,871.8834802380235,402.8812192263452,2907.633613801248,1590.6682301451895,294.1118670943107,149.11917109765824,208.3485885911085,161.55421480508272,231.43988095674848,150.71076839430512,5162.161904057967,big_sale,Friday
2023-02-18,88992.46826105469,8.240904594830415,860.3267420038355,462.65695773435147,3439.1682581981086,1630.5473046687573,291.7513486656228,133.49874585828266,195.82413270101674,347.1884144051569,227.91820582199372,152.7466541787969,6544.492319273154,big_sale,Saturday
2023-02-19,95363.01309365685,12.131763869295659,952.6237926745029,581.7300727784083,3581.974673009354,1739.2619907955664,416.7021622401024,118.30371217173654,191.3850253339519,341.0280827980573,231.33821449949272,156.0382367391607,7787.88311217993,big_sale,Sunday
2023-02-20,105932.62096154077,11.879044642679267,852.1334822517242,546.3113076027752,3480.0731607889124,1621.894915237676,508.18773044151555,147.13909610617006,200.04332920061296,345.22398500541686,238.86100015973878,150.29340495655168,9209.680071896004,big_sale,Monday
2023-02-21,116354.42416119152,12.327723428947658,867.696673879939,548.2795513813389,3363.9438058202627,1621.1678318327624,439.0442991994481,136.25267696725578,226.15857772453992,360.58741973031397,225.03457008040516,154.10090469756477,7784.732240537572,big_sale,Tuesday
2023-02-22,115410.27580362212,12.57690110189537,937.008904721535,820.5737217682744,3423.6553215336107,1587.942589764382,491.99471259915225,166.07567230835096,228.02039101135378,345.425290423832,230.92631715946897,148.15078714641706,7535.707587489098,big_sale,Wednesday
2023-02-23,139776.20235478794,8.40559374838439,859.9702113897729,813.9650232442955,3351.1202192595156,1558.0910345891987,353.8277827719054,164.4574881216974,208.67179496202039,352.7525696592691,230.13113594918454,155.08410529353907,7765.828671512501,big_sale,Thursday
2023-02-24,75636.08326556874,10.344373827710431,849.0027324259261,494.27232773319207,2065.754387583047,1095.886941055418,361.5995936209925,123.59161799241262,216.33559711738354,348.60269094833905,49.62115142704833,28.842038729841505,5179.057674834229,bau,Friday
2023-02-25,64827.7557928758,9.965424502624545,764.282128622689,537.8070154599118,1722.3310176430512,953.4873023721701,409.6520599680383,107.56604865406908,201.94371056263947,357.58725391754757,51.00335108021079,29.15513937507516,5578.1390043270185,bau,Saturday
2023-02-26,63533.181845312836,6.480396498342678,771.2538543919823,534.7150699655086,1910.0020662239651,1121.2774372927927,426.7613392324016,92.70517447910747,189.44373123733212,367.6558328394882,60.843436539486255,27.398996397664632,5923.688979132892,bau,Sunday
2023-02-27,53940.841485508885,5.60552300197846,673.8401891029938,454.2607740052574,1745.5854078701807,950.788104977836,286.99631500583166,110.1040896749714,209.32930907929926,355.91061828916867,51.29367333976528,27.026947078863678,4543.111295067445,bau,Monday
2023-02-28,68873.68861759547,3.9921334273370777,742.1697842788667,442.8816697854044,1644.424684672818,832.5960132321184,230.59846491096127,100.08388420885309,156.86476614841092,366.854298073724,56.62653022012533,26.851808844271037,4305.53449709413,bau,Tuesday
2023-03-01,59408.11835069356,8.088966166747035,756.7269149834331,475.9316824092081,1461.0889617996713,921.0327100343663,197.69960381809426,107.63196911102577,159.68852490496647,460.8528074079289,55.19306561910014,26.03196691016322,3797.2179147629213,other_sale,Wednesday
2023-03-02,69584.79217043951,8.314245917860939,739.8449302194746,362.915913721203,1372.8955539837223,919.6701760607625,187.82581630149224,98.65170789963415,163.64795095251563,696.4378838713689,55.23138979146587,22.304088175970733,3729.750002605867,other_sale,Thursday
2023-03-03,58871.561215179936,7.793213258107125,682.6860866329553,293.4320693409716,1448.7459037187316,954.9301418933209,166.2176217653108,97.82892016816811,150.34441128704478,625.016881005227,53.07400397771572,32.17561469931332,3522.1010729134377,other_sale,Friday
2023-03-04,57342.816788539894,4.75909356677699,686.8615948245041,261.44183930650956,1452.8071952357548,958.6901994418644,212.70162336142153,85.57100514003376,129.79876090696297,590.0705466067707,56.80205231296687,25.486601166667786,4631.449067075476,bau,Saturday
2023-03-05,45147.000242029746,5.228954912637139,715.0835532170242,325.4031527237155,1601.0821164381653,1026.9864351613628,251.91927085376358,64.9503688937809,137.74699372890785,589.0707985613457,54.86818709164885,26.592464546815954,4053.283098345747,bau,Sunday
2023-03-06,44958.37414817918,8.294336622428673,766.1621274576107,249.49871076058167,1456.4554703769957,954.120034749824,280.25818118171446,110.90940907480943,147.1995856073641,599.5618436923403,52.78018611161186,29.533085626998627,3532.316644657564,bau,Monday
2023-03-07,0,8.497182198260798,716.9004995768119,270.20153922722045,1469.5300959652595,920.5275394215803,226.14913912482467,134.0193270385795,130.2770569155973,612.7382914247848,61.9391652326038,28.07376862366254,4012.4532936418,bau,Tuesday
2023-03-08,57843.27196035077,7.439600651851642,697.3518579118229,176.58980831010604,1505.3053608067103,943.3364375526859,248.059215908724,92.69399294328512,131.74487207254236,613.6351573910677,48.57744126654848,27.85874664968697,4023.221524480311,other_sale,Wednesday
2023-03-09,59982.80878042065,10.289827508388756,777.4778165849095,322.10063140366253,1369.04515597398,957.7937210576869,604.4712519786397,77.7334044022191,129.36093027166447,608.2397613939577,58.557086566778004,25.279766627747104,4906.5308829755295,bau,Thursday
2023-03-10,193341.56135277016,7.277604675833965,1162.3847654614651,762.7241069860714,3703.68054432113,1738.9436390890708,323.08182573568314,151.2519951748951,116.07906915886801,698.3358452371745,299.47669007919086,152.75210937635143,5088.079159808391,big_sale,Friday
2023-03-11,165605.0120300048,12.466915991949584,1105.148139725624,848.5843341303001,4064.8677828143395,1838.9702432512559,315.9071002297158,101.68219002854588,107.83249852374225,693.229755411209,311.2478582167838,151.27508089339514,7148.095121227447,big_sale,Saturday
2023-03-12,145727.00897205496,6.497195143509184,1123.1219656953326,1190.2575800320685,4581.632015549804,1969.3901254374628,255.070982127928,104.63993237419784,128.1297072005265,691.6311453449471,299.8441239216181,152.93878399033758,8480.747640926738,big_sale,Sunday
2023-03-13,138971.15754269823,5.737358382655934,1001.6478989054718,1232.1056720033619,4258.399912291689,1916.7555286948493,394.58864876682526,139.238847220109,136.91026976409032,700.6349337235046,308.7352462420166,152.8831800255692,10628.965440591668,big_sale,Monday
2023-03-14,133706.11814298457,9.026021054099495,960.0080632146013,1698.5621323501075,4156.011204920336,1870.6455424283947,701.8334990271678,156.7972909456961,138.23295393056532,687.6357106867385,300.2245592382708,152.5512598338244,11554.46027505808,big_sale,Tuesday
2023-03-15,145851.93586556148,1.5645689491290993,950.1918954479357,1364.8841293155672,4122.899893080926,1806.4093877342043,624.1402759213984,162.12567580638483,128.68544814530006,689.0473070828682,309.77883451147443,150.60752920055577,10690.355442024424,big_sale,Wednesday
2023-03-16,697663.1761975703,8.67065324042253,948.6418712064147,1711.2875916435526,4073.362612076658,1756.4559367042627,352.2834803061977,145.6458266391821,133.15229402803348,688.1872695709634,308.24956729329784,153.5017728733297,9259.56000982837,big_sale,Thursday
2023-03-17,134080.6592645508,10.958344629235707,865.3146561290071,1769.6686377948454,3961.080608929815,1794.3831916398897,247.84626253661068,132.24587332083064,139.3322772510205,703.2320823257716,304.28479776118957,153.18144402740373,7989.997514515028,big_sale,Friday
2023-03-18,122614.36574276563,4.715461300290803,812.6725787714457,2204.6164025322455,4173.984827287271,1890.244550527943,242.50342721464602,151.78747741377026,118.99860839568457,684.3667649413867,310.2269939206778,148.9498322629408,10025.262752663792,big_sale,Saturday
2023-03-19,142876.91381404575,10.076792406461424,900.9659279495887,2447.336250115833,4459.154788071947,1988.7613429557227,201.9656275847742,147.38695428013432,138.6821027701564,686.711401097867,304.3691069858608,152.16592475940575,11167.652106708612,big_sale,Sunday
2023-03-20,110472.37940764955,6.311150415759013,910.9219956814699,1235.0399234658407,4223.154132689224,1825.818166285402,148.1485176254183,140.45001589263603,155.67015368668967,668.5383269253858,185.48502544902766,98.12053693291362,5225.199950349241,big_sale,Monday
2023-03-21,144680.64858675428,6.572547086060599,1090.4620446551767,951.3382839419533,3933.251613359323,1716.8535860160662,99.50264094750865,160.9884156185021,139.51501860541808,653.3214168669691,97.23370878186711,56.22011503795603,4420.403299815356,big_sale,Tuesday
2023-03-22,83396.49461203959,9.81875338345632,770.1409856387079,432.1197327064398,1461.3349019570842,798.1212381532258,199.40861411411012,104.81714333176562,144.11124946824086,631.8691612304804,55.962525745412705,27.974115523753394,4183.106113444579,other_sale,Wednesday
2023-03-23,63185.523131728376,4.355990211417808,786.4937948829065,281.23752579229676,1301.534796704661,840.1630820713609,159.7987522239837,123.69612335179981,110.21149328415682,628.364222925633,55.340157934325234,28.11287460370052,3388.5377537182535,bau,Thursday
2023-03-24,55832.68496565214,0,750.8183117344109,172.77735725427607,1312.8511810497318,883.5992047152114,173.78891725321805,115.4043585532235,102.03203770524426,623.4232003905155,52.982723607757755,26.281710040110177,3358.7061313473846,bau,Friday
2023-03-25,51155.94529936514,0,716.2320945433985,219.64054040956526,1367.0346139425922,862.1753664204559,177.65223442683364,95.61076858903775,105.68088271950576,612.0255925482948,59.11116417689983,25.07461846267846,3524.448701755155,bau,Saturday
2023-03-26,63861.60449398213,0,663.6078079852646,248.1195938675312,1410.966407376234,965.3263345484918,144.90085516193108,88.83409028303343,111.46292609571316,622.8892944226359,56.567964407932806,24.14007433702498,3188.481498894487,other_sale,Sunday
2023-03-27,54134.46513379742,0,710.7036777818912,130.9262548693838,1282.4170889415982,903.545968958794,121.07812091180918,111.46258682201685,111.61021541457794,631.8196509774509,55.79579644542934,16.410458397904303,3121.610907926339,other_sale,Monday
2023-03-28,55851.36059588796,0,709.3190443925295,203.6139379954735,1398.8450747734178,873.5307747924047,186.00746043079164,112.02187721196393,108.12789521848195,638.8934639976961,56.53403573846541,19.223130017512702,2991.164641091611,bau,Tuesday
2023-03-29,59031.77700575572,0,697.4481154385563,134.9402912663451,1288.4189314868768,867.8465953517544,143.481227034803,88.52701940947637,107.51885339918148,636.4262204677807,54.32897535374537,19.440565683485186,3374.761098557324,other_sale,Wednesday
2023-03-30,54327.131702274826,0,664.8741564990651,140.4690038692881,1293.796065470478,862.4167594719967,145.31151530717014,96.05908598069801,109.04136337294742,620.0827192829793,56.526843947741526,20.146469126686885,3374.7782491087223,bau,Thursday
2023-03-31,52472.10393462289,0,567.1543184237374,81.57069383456232,1298.2474263918,870.0804151933307,131.04897835260843,106.50419832949581,100.02587774938318,625.3617893713812,52.61022792929463,20.613890065492,3093.4724591176628,bau,Friday
2023-04-01,46948.087595050965,0,559.6504108649276,123.38244635954526,1363.8742097696813,953.8896389278138,165.4218235481685,92.58323497032782,110.58936916914831,625.1331315701223,64.4259821987645,14.584037220385095,3504.343819514721,big_sale,Saturday
2023-04-02,49150.30294728282,0,684.7629190437614,126.38026899660802,1493.9472662580527,976.2873076931832,168.60806549534334,84.85314084975943,108.56286254930968,620.4903775610763,56.25112585506664,19.763248521008848,3437.54037666259,big_sale,Sunday
2023-04-03,45475.68450361131,0,632.2063596607211,130.370504699676,1609.7416718631105,1069.2185581400165,190.79653697118783,137.8483086703635,109.10976615663449,613.2096760337857,84.91086539642833,16.296516303274437,3272.230836879839,big_sale,Monday
2023-04-04,0,0,672.6231454645571,178.6468461721977,1495.8781721134847,1085.9026923481879,175.06272373787266,126.24218252767986,107.80706484031658,612.8327013629646,77.97354320039734,16.352167646381947,3203.816485748485,big_sale,Tuesday
2023-04-05,46980.0398612061,0,696.2281684547899,126.8551443183022,1617.4816797188228,1066.7206879916907,154.06207218250265,94.81806489646165,115.16856225134765,606.1814086483552,91.17493290484799,16.18661673069134,3013.673050217812,other_sale,Wednesday
2023-04-06,50488.13568208392,0,687.6727393574917,104.98495316733933,1574.9250269666888,1042.6653078047943,149.69247265740643,96.9423846208079,108.36475588787992,605.1695660877215,90.88296444465112,15.870028822377234,2969.6929206136087,bau,Thursday
2023-04-07,49423.86597237418,0,619.412767615277,117.32061334514636,1575.5944808379509,1053.7887358949677,163.4652896918665,62.297917567585955,108.99932103826646,606.0670457632988,87.95669947491703,19.46337579247997,3709.5225207954195,bau,Friday
2023-04-08,45132.77041885999,0,621.4522846591932,126.94784261684201,1597.0189868525822,1090.3913644723702,167.54188844605727,72.00006525838167,109.24151680346024,611.886870625316,90.7975923144511,14.49621241565475,3127.392675311376,bau,Saturday
2023-04-09,40758.29520025462,0,539.7928728060174,132.06095567807694,1692.4204323333672,1147.6481370727004,140.7455477131835,78.71508292762859,107.619057843521,613.5581230488104,88.65868993173038,15.978062890034758,3387.580331303431,bau,Sunday
2023-04-10,55484.26598047387,0,723.6779776021494,111.5714845412249,1565.6716325623042,1110.0851773720353,177.3186161229521,100.84342535755572,104.7188142918554,607.6996407195534,91.24993376544276,18.484806857015048,3892.2890532535216,bau,Monday
2023-04-11,51614.011535686404,0,664.5398208033881,115.53629561256285,1632.7850758979116,1105.9043093929874,187.42189667982603,110.98856884218138,103.42038420594182,618.4618903689612,83.23788610938705,15.593644826401952,3880.9840127309976,bau,Tuesday
2023-04-12,63309.46288147953,0,607.8749897342128,187.115403366719,1544.9427695198701,1059.5968922331867,185.7927114443525,104.49847932817028,106.70330305674695,616.9936415321209,83.2077448410358,14.956299070939213,4475.824977941122,holiday_sale,Wednesday
2023-04-13,56785.03197150326,0,392.25471554607094,301.0759408718872,1598.998291424026,1074.8468399512576,127.63047600316304,111.40553151356326,105.55707237913207,611.8671528050573,86.62526493173227,19.082642957272043,5931.455950295112,bau,Thursday
2023-04-14,86580.4910974694,0,453.8714516096737,494.04525234405776,2851.8470140314744,1287.7469048685366,41.08440610723943,7.512130616950914,105.40224857717628,663.0932330650493,252.10330370849485,103.4552760231772,3441.220987320735,other_sale,Friday
2023-04-15,73019.28857394005,0,372.5929568684637,461.79264434629386,3203.743431305231,1338.9361510747187,55.16693126683924,7.602268238740836,107.18440184729411,630.534975804084,252.16339434393782,100.49290272207556,6480.715322099004,other_sale,Saturday
2023-04-16,71181.67649395563,0,325.6559793407724,436.249783091595,3453.937520354239,1447.7317482402957,42.242615376946816,89.03977702913558,109.20412247438021,665.4548449326923,249.31191569615223,103.89900054054985,7547.636899943057,other_sale,Sunday
2023-04-17,74931.39615465686,0,356.83056597715733,382.96787657043103,3214.9336462683386,1379.3149634857323,158.04937139989423,113.76148739988201,142.9003960827197,655.6142504272605,265.36265601213137,106.17435926484025,8476.132783739324,other_sale,Monday
2023-04-18,74059.80002295595,0,321.4598496347499,329.5612333874392,3267.972088362715,1338.4900952572395,109.17690937116045,114.05742852111479,177.36108915919993,650.8743624196908,256.1574089016306,101.32893926548685,8893.773562861277,other_sale,Tuesday
2023-04-19,71177.80863924613,0,348.54177348214836,203.94794990641105,3172.7895254654677,1320.8506649806104,75.7434233602002,117.25550441382636,178.25823006017254,633.345949683469,257.70707288674254,102.72336436495198,8282.489464094948,holiday_sale,Wednesday
2023-04-20,68769.15546239559,0,346.29615483615476,230.8996814923815,3041.707520418644,1315.9943352981716,61.23547091725285,128.7806538374443,185.10486321192215,652.5256813773647,263.4781197349042,105.45602562380138,8052.0083804398755,other_sale,Thursday
2023-04-21,60907.34397880853,0,296.2232483901898,221.4304924812734,3175.1238076326404,1317.7008912017386,65.54448026080713,102.3341243678089,176.1230094946072,644.8805211765969,254.3433400120919,101.24468943811381,7236.812051145552,other_sale,Friday
2023-04-22,60433.82788926844,0,345.0957264220972,200.31841540089817,3341.3847637567806,1367.595756593899,48.63293640540472,93.12756330406827,169.50921296153342,660.0163862075517,253.10238820998367,99.04306895575336,7719.676478872455,other_sale,Saturday
2023-04-23,85247.84500526711,0,408.32650979437625,221.75440833932817,3467.965720129796,1431.8656850432026,60.269318898937456,83.55186029110119,145.63834288412386,669.4917044277886,257.3167087165854,102.28497778528103,8288.25531778412,other_sale,Sunday
2023-04-24,59033.566248786025,0,404.25796269932846,398.94082296124236,2021.1551553842844,1232.4717168647123,338.6550122094614,137.45135651860198,193.98835050873916,613.6909028361164,71.55952846940156,17.474325039397492,6462.4814912993015,bau,Monday
2023-04-25,60254.66143783355,0,367.3894145456188,221.2793165078633,1694.4283319738709,1150.054236568869,379.3462286412457,99.8010148120733,180.9956598609713,614.3308527379403,88.05439235517032,19.409345125048908,5879.722554160338,bau,Tuesday
2023-04-26,58203.50561210427,0,413.75669767532673,238.19096858189434,1681.5996872976095,1135.118150170683,311.76205340940743,120.68809741208688,197.06646648922478,630.987419710246,95.74309640636181,18.85517924027256,5504.912901169932,other_sale,Wednesday
2023-04-27,54239.17937472571,0,371.33617965397207,204.16946724695836,1695.3518548229238,1081.228533147462,164.22400197673417,98.98204070805993,171.4360172726173,616.6602183743472,101.82921734980316,20.10647205423409,5261.7219222652175,bau,Thursday
2023-04-28,47332.05407045591,0,295.7874927037466,288.5553731041069,1516.5190906901469,1095.6171917613,202.47149510977687,104.62225007270348,230.73844095305105,633.118497683469,94.15921639532934,16.318136784894854,4993.583062590946,bau,Friday
2023-04-29,49691.29148116354,0,379.21843295051207,394.4457223453079,1624.5248753177339,1121.0120885074687,308.96999959859244,120.79021864188692,162.63053312423057,616.4033327240933,96.29650855173495,17.02761264654836,5144.094941639016,bau,Saturday
2023-04-30,57751.10277273662,0,373.70895114430624,335.2028869885714,1730.2658836261514,1155.635730873597,430.7638985885722,76.82896275553954,184.36026780851492,622.7196913565256,104.71432147528476,22.569348354218086,6666.996360849738,bau,Sunday
2023-05-01,44158.342778731036,0,388.20091132796387,190.46502192552114,1680.0793583542302,1146.9914704660634,340.6697645807317,116.1738942628734,258.70114723474364,608.7573777938057,100.64834735418376,15.267199302609484,5012.356084624932,bau,Monday
2023-05-02,0,0,402.6968118698958,251.74319620291993,1745.0979528499606,1092.5466003627955,345.74342321734764,99.0491960452989,248.65605760122958,609.914509638672,91.42954082605372,14.946605201455466,4086.2785854408144,bau,Tuesday
2023-05-03,51336.21358842528,0,416.8035806762372,226.26912180118097,1574.5309222870922,1101.3601433770116,344.42251261239994,102.03186945503154,205.0583925662774,561.7883811986463,93.71706290566897,16.47783374610932,3848.426219449221,other_sale,Wednesday
2023-05-04,43750.24019116417,0,428.17885048178954,185.72297731642018,1709.4274887493912,1112.781435231302,231.01950610508658,77.70713967074742,192.67192934971408,255.4443361039104,97.22147907127942,21.148825388165374,4282.325364853055,other_sale,Thursday
2023-05-05,46091.91060991605,0,358.1399830041988,203.9409444002237,1613.9992149451477,1067.439688534624,179.10863070516422,112.9399039150648,156.80450544797748,232.99603151541342,86.6021863183099,20.4403935917231,3535.8054220660347,other_sale,Friday
2023-05-06,41404.171348118085,0,372.55659476020753,169.11660421393287,1555.42858769706,1116.2287146789672,188.6578912339467,80.26435447811248,95.49135155800317,250.04404421391428,97.69092846765403,21.962262013757083,3721.7224041940417,other_sale,Saturday
2023-05-07,43749.2299498659,0,391.06124422948113,191.20931665109535,1750.0809614187638,1152.21498573763,180.70789109454012,70.28511655703838,112.85162913027834,245.3566963940721,97.63288190953216,18.121466676408392,3876.975478304426,bau,Sunday
2023-05-08,46212.16976891182,0,398.6893101946647,117.65700495201378,1666.0293533324063,1148.7830652527275,162.9347500317597,106.75786407403967,198.34009586556553,238.16830074329263,98.97736431809251,16.472436408795893,4220.897167722642,bau,Monday
2023-05-09,43469.42971294716,0,343.7070011084891,110.84950517073624,1666.8511836223638,1098.5498107992182,96.30051449036145,122.92625185900809,167.38091897739045,263.53685157554935,97.32197751264147,13.579366915129693,4195.701356720577,bau,Tuesday
2023-05-10,46336.14587238778,0,333.8561679210479,152.7699493584199,1595.451545139016,1070.0113148858197,104.84022492738143,117.32334952059587,140.1064563663253,238.90021347399681,94.60790679724145,18.310339309651077,4125.477470606042,other_sale,Wednesday
2023-05-11,41665.580680949766,0,356.5548217903338,240.228987706186,1701.422964913013,1095.471623580511,90.73083762738551,113.41399850325647,162.97901985542387,250.93091704697997,97.80391258573722,15.313579948827163,3736.7562851473585,bau,Thursday
2023-05-12,43984.334655542516,0,349.19868750790334,164.1573577163644,1646.492039303023,1054.8193823152524,62.144307668798206,102.64592588002307,126.1842810793463,237.90204858400554,86.67626247424928,17.381989267578707,3227.0669755719914,other_sale,Friday
2023-05-13,35873.455688280155,0,344.68829392612514,135.54270904172716,1690.4793496634015,1158.538642538489,111.900135328885,78.07603275223917,103.48423613631309,242.06323705866058,94.67965672946687,13.12364165406243,3246.923499416496,bau,Saturday
2023-05-14,42581.48743227541,0,281.9379430076098,194.889223945931,1874.677622878603,1194.707379394076,84.71363804567818,55.48235581859688,78.52360043352415,249.34669591083636,104.40306302745476,16.03785933634023,3067.353245330421,other_sale,Sunday
2023-05-15,42751.09595930165,0,403.5919896371098,237.31063584494774,1726.344562741459,1146.4229068834047,86.96420050525586,109.98906270330595,131.18073334853625,252.67635331056672,97.48276656237886,17.334360156820008,4089.1437295068317,bau,Monday
2023-05-16,48276.02042007022,0,373.1710552300817,306.6301810286027,1727.564776092376,1064.4268602302773,88.6050688169912,90.12468253263597,137.911599334174,246.4884099775953,94.78776982695032,15.940739237542523,4336.231644444181,bau,Tuesday
2023-05-17,98312.87557229474,0,839.6907559268046,715.4095776843794,3375.1655559400483,1478.0461426782635,58.33351271898158,149.40186913201288,119.53534606925365,248.35551758390088,199.07120878657688,68.04467082038909,4316.858813784571,other_sale,Wednesday
2023-05-18,79478.43575730351,0,798.4144242289885,575.7792730346101,3403.062607969254,1380.9736823992123,43.595404089330984,122.4209938922691,127.99586243307444,247.5531529732285,201.56391454009128,78.55864240465706,4451.967236877959,other_sale,Thursday
2023-05-19,82496.14968698188,8.635106491344906,945.5520760011591,697.6874970381925,3129.5736135038937,1204.8489698416251,66.64105630966976,144.9556507618685,129.61575474708462,246.52723547900294,206.9520921962152,76.75100263222389,5187.159449891517,other_sale,Friday
2023-05-20,74796.15531186629,28.082604842309827,1059.8086573156095,714.8120429712403,3593.515872353924,1180.2590490577932,49.35397437496944,108.91501228427998,145.97152132288508,247.72905494814512,205.45046575403126,76.68670219006545,6003.963665366712,other_sale,Saturday
2023-05-21,75678.91218090613,16.926432499194803,1027.0434738013457,732.5211222079184,3585.9863459677485,1176.1953128178523,77.6373529316782,111.37478709292759,131.3260165511186,253.41134039518195,202.58962000001375,75.9483588142883,6184.38679291921,other_sale,Sunday
2023-05-22,68949.65815778544,17.194193275039954,1094.02298711884,695.4360025398714,3438.3172969571497,1166.9528095524995,77.25050838123178,142.276352542875,145.74965020096988,265.2435233698127,205.1371594663053,76.67750448587365,5515.951515936817,other_sale,Monday
2023-05-23,73755.8710678307,21.816362873028886,1015.788124444156,869.6693587450371,4096.994219997327,1257.611931747945,110.01676564071713,139.66618205285124,164.6058296234339,256.93465956288856,213.1537003977213,76.55693752856116,5281.939351202964,other_sale,Tuesday
2023-05-24,66797.64983241212,29.37409827009696,898.449682225732,671.8549592725792,4001.058910682111,1262.4533952353083,115.70021188269459,152.44788710905843,154.6112167393327,257.0485720840253,201.14400140503324,76.25433090475126,5049.597141350687,other_sale,Wednesday
2023-05-25,78043.62912348691,32.51833329108036,966.5998596666064,727.2678531659534,4063.8780434081714,1264.7620711184907,69.2411547458873,136.4825819894351,129.54212203591078,265.34403969577903,205.48188747275273,79.34661117555562,5143.941229683444,other_sale,Thursday
2023-05-26,81038.4753455571,33.46072608563204,889.5660457001104,671.7607568528368,4324.069809212735,1342.2898182996832,75.02874865631021,120.38675710014634,140.04137175279982,258.3134705906993,201.79209449527656,76.74937955960854,5861.932798296387,other_sale,Friday
2023-05-27,81708.62645969276,27.64381590139347,865.4185625531984,688.9902182767094,3969.4933029359827,1235.8128635534672,59.31074820519838,90.01765701960241,134.86755166175217,278.28616795316174,204.38697791570624,75.49589403044622,6225.950424268544,other_sale,Saturday
2023-05-28,83112.66685698774,27.64209627184341,881.8705457026609,708.8411508506897,4158.361930396349,1254.1324072449165,61.02979155529151,89.11160080103173,112.40064837580219,256.6930089914924,206.76341760891918,72.93220002316643,7261.894140794159,other_sale,Sunday
2023-05-29,129859.13549529707,27.16215191960604,1052.233427648431,935.1873669601471,4204.378925719444,1313.2371012446083,75.74563919306077,111.13390229302185,99.41147069469743,262.47155947412705,189.61259825461062,72.22306647424043,8312.784195370396,other_sale,Monday
2023-05-30,57357.4269190813,29.117292030635134,944.7842570578711,211.51496703961888,2325.8350321594803,1235.825616988769,157.8470564922321,90.89281440811078,123.74367149753856,249.40977380204606,96.8093736490785,19.87700240563355,4049.4295122046706,bau,Tuesday
2023-05-31,44289.35362885225,23.873876733356678,1141.378063004616,226.17931902960092,1781.4530747374345,1171.5321273738048,228.47868985587795,128.72767944310473,102.79187020176904,272.18007854962264,89.8661066393885,14.01280728394038,3849.3893107655895,other_sale,Wednesday
2023-06-01,38161.672734206295,27.513656546662006,1356.0850282734682,165.58847643051828,1686.4924977562205,1091.6964550080586,278.8733380875247,118.47011859505737,111.88109280629239,160.12127486256924,185.12985975571155,26.3592968953706,4548.896263595728,bau,Thursday
2023-06-02,40529.38794259719,29.720144383313993,990.1804056034716,178.07555970154772,1473.9142276465589,994.1351445770046,235.69647940456142,137.5182257683839,103.62077310802583,166.14921123264415,176.0367693082651,23.079021803309274,4008.6816775180646,bau,Friday
2023-06-03,43787.68769303906,32.00707249588808,966.6721743050745,203.06090064896318,1449.7364056683211,953.4799627404399,295.0481887094142,84.94712773070103,95.50127624163397,175.15169685642533,179.9079638102794,25.575700159808694,3695.095628507301,bau,Saturday
2023-06-04,34554.68881001943,34.66631479367437,1023.3296319691397,229.08749028004888,1632.070008167505,1036.636931596224,259.14432071517484,83.60099163717265,103.55312598111512,161.74889669613776,188.94252490557852,24.748260787419902,3686.663336788781,bau,Sunday
2023-06-05,37404.43131858208,32.71619055881208,1020.0192713073446,137.5165431424411,1699.3052936648853,1054.6501441768942,237.59576506313232,110.60394236229125,122.15393593631762,145.7470472841086,177.277577001241,23.049795457325807,3608.5186862835803,bau,Monday
2023-06-06,0,32.285440372324196,887.2131573032206,149.69954639125598,1647.004018843245,952.5184885277012,211.63906712888812,116.50729092171258,100.97972778202666,157.33880014196197,175.44712968577815,27.009912244519654,3488.0039155049312,bau,Tuesday
2023-06-07,42626.861047428254,31.319154835386865,926.752160160929,134.46177408323098,1690.420504275787,966.1135869718518,156.7803178896001,95.71638525728996,108.9293645944226,153.35428073569773,176.26305624108167,27.35824249832477,3092.53798015239,other_sale,Wednesday
2023-06-08,37291.00253898952,35.68411658282691,885.3106760083149,256.11187176146433,1551.7012784206904,953.7801049629538,157.32400050269433,81.59388664954693,116.56923838761348,166.166807695327,183.0846745037684,25.836370103505374,4162.190568683502,bau,Thursday
2023-06-09,66783.04555591807,30.78143948667004,738.2396281451845,316.98918201923755,2828.6626139675063,1089.8807263944482,77.62956809479847,91.12320165506397,99.03564118469667,208.00549869744682,302.71345334153705,125.16306365260722,5768.391662027589,holiday_sale,Friday
2023-06-10,57270.1167010629,31.835981682529514,646.8734955074926,423.8807585121839,2998.4930328868268,1094.8390613460995,135.625204701408,96.1160518159049,71.83766202950824,205.57520965708702,276.6517669739697,123.85630828177985,6974.179536020453,holiday_sale,Saturday
2023-06-11,60409.423373053454,27.381416783855528,584.2564945668576,424.6623931517314,3285.2403121383513,1138.8027005255128,127.62808962663838,74.00642347734455,86.25882952899548,180.54415117073123,282.4261350759323,126.44863382075309,8030.223927697038,holiday_sale,Sunday
2023-06-12,56546.205872568185,27.867026133192663,650.7039358448694,469.7077474861111,3247.0119539010516,1155.433182126447,133.07766942294657,116.23247986205577,99.91049672347971,198.2496242269566,285.9980384193126,126.75632032859528,7050.27665189695,holiday_sale,Monday
2023-06-13,56084.061747259606,29.91397916908228,654.4989393500546,402.6805577059043,3250.488287017022,1083.4663138569017,180.59689711895527,89.6858194649529,113.01674452746394,189.8436057184303,292.4040484094087,127.25458274357437,7440.579138458547,holiday_sale,Tuesday
2023-06-14,57320.45406176248,27.062405959356216,604.1154172304581,314.27224202480204,2966.83351305158,1063.2315509272005,181.36092510765113,109.6532201494538,109.99202275772491,214.3144151302965,289.554864096129,126.1812322742091,6476.407407301493,holiday_sale,Wednesday
2023-06-15,56877.56131151497,36.87600255168241,698.131879089711,371.05407516780514,2949.8991561535645,975.506825489894,74.79573879752385,105.59320304929184,99.47279639293367,206.33303702130064,286.3705871735452,127.1609599152902,5732.479945909022,holiday_sale,Thursday
2023-06-16,56673.67004190878,29.158849837820682,639.3680141055364,347.4733386315018,2976.852852511045,1018.4224578491777,64.80136545621716,98.03409621213399,84.38882409383609,203.40686959434834,275.93578664248713,126.35322985467442,5841.48502729999,holiday_sale,Friday
2023-06-17,46349.9668982356,22.368812081238467,561.8094136486902,390.964031392877,3019.2101147264375,1025.291836125701,93.47876241248547,77.85202519128767,58.381575309750154,189.77510934121094,285.80744237544656,126.83338155447926,5916.603471002264,holiday_sale,Saturday
2023-06-18,66385.71476451766,29.096735285382007,573.0818224612033,343.15969094983205,3211.6029681244518,1160.5519314955334,62.184874090916765,64.33733075709367,60.40577064168393,213.45450741200503,289.1171382214413,129.1619247547074,5679.939103162047,holiday_sale,Sunday
2023-06-19,50956.9902120247,31.517608565479634,767.4855488337741,384.2559775551108,2369.9632606400496,1053.6141002676393,198.60684062145282,111.52863287092384,120.3449435957949,159.9508517353131,184.46727857953582,26.62391459146104,6443.500153310355,bau,Monday
2023-06-20,43997.153766360345,28.530475923693693,854.2375444735831,278.2728080416905,1714.5384963878384,1032.6338563042116,209.89102383350516,78.00722495225337,132.5570467141876,158.10946581654872,174.29315824740624,24.78150382236251,4561.189156017303,bau,Tuesday
2023-06-21,46365.20381989024,33.47390456917257,794.4332268898645,227.3295382407064,1696.1185581867223,1015.3448867305425,237.45682256865294,129.9053198145502,122.02268270093174,161.82588077214857,192.58189923857654,26.95832658403398,4424.275641249542,other_sale,Wednesday
2023-06-22,38673.93354660629,19.373601769379615,805.3114104331569,296.24225208923383,1586.0380559760547,909.858730013045,213.8145858901659,112.33637816865159,120.71970076643454,152.31495895794725,157.13552628387836,25.642059430412647,4040.016734129749,other_sale,Thursday
2023-06-23,40231.33122361728,20.818499003179983,726.120990255639,174.9963032204615,1451.710370581944,898.9444977605496,201.56809972198351,97.13816424945146,117.19700898214998,158.3143000860229,153.80365324302622,25.919093983436312,3130.664997126158,bau,Friday
2023-06-24,33347.727982735254,19.819665890826638,627.7143161735232,198.43059541113558,1553.2773318460286,937.509608258099,276.8817522408355,83.93406439989757,86.8956779266669,148.77632026169437,152.56877840365166,28.117812116500794,3116.5887658932375,bau,Saturday
2023-06-25,37042.15470915053,14.778363593264809,807.0158745367372,204.00069544888314,1713.1033313954808,955.1560862538308,270.5563418773794,79.52056893949066,59.667082199722124,150.7824645803933,155.99210417824222,25.883988512207022,3303.01500060532,bau,Sunday
2023-06-26,27539.20696211002,15.665726855248224,665.7367646595743,211.5511217953084,782.1946172446872,604.9729366247875,247.13768989250025,127.78020552981985,72.86038273421234,153.2433085624429,151.99790137194503,23.247131796803075,3029.093915270258,bau,Monday
2023-06-27,21000.995401061067,23.30228650093932,682.3487748025474,168.27130807494055,0,0,256.72193711769626,101.2329174517955,54.79246737847642,8.941161419957883,1.269027244899588,4.732440847531675,2566.169898229721,bau,Tuesday
2023-06-28,20784.806715120303,0.4255426312640518,259.47321096879256,135.539013639727,0,0,120.3617243902768,48.333579420280394,35.626056638198044,0,0,0,1084.264708230129,bau,Wednesday
2023-06-29,12136.760988663507,0,0,0,0,0,0,0,0,0,0,0,0,bau,Thursday
2023-06-30,18878.03265676275,0,0,0,0,0,0,0,0,0,8.195842041920509,0,0,bau,Friday
2023-07-01,11009.63321070408,0,0,0,0,0,0,0,0,0,0,0,0,bau,Saturday
2023-07-02,15020.30155946968,0,0,0,0,0,0,0,0,0,0,0,0,bau,Sunday
2023-07-03,17999.78680994856,0,0,0,0,0,0,0,0,0,0,0,0,bau,Monday
2023-07-04,0,0,0,0,0,0,0,0,0,0,0,0,0,bau,Tuesday
2023-07-05,10586.677407996729,0,0,0,0,0,0,0,0,0,0,0,0,bau,Wednesday
2023-07-06,11868.142515295021,0,0,0,0,0,0,0,0,0,0,0,0,bau,Thursday
2023-07-07,14495.136230853317,0,0,0,0,0,0,0,0,0,0,0,0,bau,Friday
2023-07-08,10739.735244866377,0,0,0,0,0,0,0,0,0,0,0,0,bau,Saturday
2023-07-09,9992.137294706883,0,0,0,0,0,0,0,0,0,0,0,0,bau,Sunday
2023-07-10,13820.322736638775,0,0,0,0,0,0,0,0,0,0,0,0,bau,Monday
2023-07-11,31446.26916167756,0,0,0,114.61492543184852,101.58411253632552,0,0,0,0,0,0,2760.0244953266674,bau,Tuesday
2023-07-12,40807.6120236967,20.397063633668914,897.7982433566599,121.13845368613697,384.46586364524774,233.9257614756804,82.79603608112336,112.48777121819457,0,0,60.75753019463039,0,2931.659923376916,other_sale,Wednesday
2023-07-13,40692.76357189219,35.793932217539286,996.6769697801591,101.14456743147929,975.9513501472983,478.40917180648955,260.9691505067501,152.33346462334865,84.19776100393872,39.20407183228321,51.54694227150674,0,2702.5328982931187,bau,Thursday
2023-07-14,123871.19111284532,58.91313788885109,1729.2499881349245,343.72346295110094,2668.9253486363136,799.4867052908451,89.68795326354561,247.68566325581128,386.8000665885138,73.32442643950192,182.93468986272654,77.39927266844437,3884.8899402511597,other_sale,Friday
2023-07-15,94457.59624585134,48.6312743625713,1320.0586335763269,561.3569518405222,2765.250000128188,826.2826507837467,423.59468843126444,127.28235805085596,236.95442458224232,74.73627193024831,187.0053542557186,86.55761662440055,4826.936098989341,other_sale,Saturday
2023-07-16,86426.31151634753,45.50339380821408,1144.5580552208137,603.102505758156,3086.780426284872,907.6839915453488,572.2385051654978,119.96243257243266,201.07855529477752,93.7557847759292,181.2491554319648,85.24852875130738,6886.709318361669,other_sale,Sunday
2023-07-17,74760.00848787848,47.77721069032828,1122.896387602933,489.6407154879442,2986.869790021536,877.0621021051794,799.024084484235,124.67812036730741,156.52959352118128,100.96009398830347,202.66746120332274,86.56655853904147,8038.06744156998,other_sale,Monday
2023-07-18,71817.7449932636,33.514917980319275,943.2557212810267,450.29244758633814,3185.3845814177753,899.0349329794577,678.5360859838804,197.54514437744896,417.44154173221233,101.63944591639951,202.75149391492013,85.29531078465493,7687.387549412651,other_sale,Tuesday
2023-07-19,73447.45650149471,32.854416652034054,988.653061457226,419.12663338470026,2964.2781165846222,880.4925221453848,448.97063247466946,134.62819362920953,419.8801172439522,100.27761320348067,195.96015873283713,85.04924275420177,6590.437536605498,other_sale,Wednesday
2023-07-20,76792.41076274049,35.36524274040357,949.5411052785946,312.9916263771895,3058.4668992993666,842.6636781412233,314.658087622922,148.8817780449886,420.79846970352986,125.50019957013856,211.8850741966526,89.39256059152308,5582.4709114181715,other_sale,Thursday
2023-07-21,84566.23268035347,44.292982307054686,886.5234781308139,480.16329858046794,3514.5646654423995,1058.1311847068748,326.5699749257357,136.01126483909977,425.2043282702633,113.21238072978093,213.92919243242238,89.00197447626492,5771.244765663349,other_sale,Friday
2023-07-22,84940.13538775676,31.99472371629465,889.2651674216953,530.6722621189623,3672.498558226324,1206.8461774923858,337.8229302838559,109.22146103116825,391.7983351334854,106.76327959723363,201.90690533085606,88.04188018701576,6700.324045428744,other_sale,Saturday
2023-07-23,81119.62917232035,21.543757670784725,993.5038096320683,681.4523823493907,4171.860092193876,1314.486025177569,318.2063142755074,105.75822875260249,422.2264282022011,110.95563291640602,198.98180789985398,88.9411363173012,7679.528283278128,other_sale,Sunday
2023-07-24,94289.34361185657,33.218195360320266,922.993969256526,717.6816664209744,3983.28310352495,1275.124304676446,483.43798849045095,189.20455192728508,423.038936091803,110.23864569354888,195.9417896785217,85.1914059092145,7782.099081572014,other_sale,Monday
2023-07-25,53937.0237657999,19.473531024008853,829.6288415900007,389.33522282138455,2076.5990788836425,683.3008765121785,830.4036726800196,129.85907176228633,227.14931878137978,105.98500859357931,152.79063640833692,21.12081209583551,7157.328146550382,bau,Tuesday
2023-07-26,42517.321416193096,24.161088848893456,783.7557674705658,356.50532428709226,1501.8900413734566,579.5832419831193,630.3697098731413,96.81032450006599,210.95289976942934,112.59348550364265,142.6803873015589,23.282884102783598,5380.673650658148,other_sale,Wednesday
2023-07-27,39663.33086626788,29.066201666920296,820.517469632434,344.92378239815906,1465.8886102781662,605.8370727440425,253.06838798641587,128.02114559819356,84.76584001313071,103.91775227959756,138.51863259455894,21.613612388562796,3938.9769935309214,bau,Thursday
2023-07-28,40298.04727813688,27.684675761087288,810.6306487221487,271.13715575267344,1511.4143646558678,568.0428826344678,119.53198072266257,95.47348602463096,85.36500052506918,101.50075883783389,145.02317809140763,23.731654188072145,3464.799057112869,bau,Friday
2023-07-29,39967.03312076785,17.562170949101564,746.1510137980965,298.008739949024,1507.2982427086554,567.7490855517486,130.60501490690467,105.68572799240985,84.74625158318541,120.51035120673416,140.8879097803277,25.063122583137723,3219.461548887728,bau,Saturday
2023-07-30,39471.48816078686,18.68994190956359,719.7728691591217,257.5461456997142,1494.246670894364,584.2912214497186,138.11811650161428,66.85921551170613,89.5025804622525,114.06881035605532,144.58719932278078,22.81402882901021,3479.089781350417,bau,Sunday
2023-07-31,32929.848875353324,30.721041763044916,748.2725860272093,282.2310204185243,1678.686815332497,574.151174832952,123.38940787080261,106.49486951255338,61.8490731748481,86.81877538326034,131.75188160582385,19.004163487241687,2984.2048708450675,bau,Monday
2023-08-01,0,15.430167752410206,846.2618667592226,251.11846568114186,1453.7279625525023,717.2229151326892,89.50505617773338,116.13042972652904,85.43846445235862,84.11610872417873,87.254121174232,9.245541256746648,2224.890570439875,bau,Tuesday
2023-08-02,34186.91104871765,30.286072824903282,916.4520451145368,236.81884829097584,1681.8593595110035,773.3941014289691,89.88459193519274,89.581181773084,90.07102798237759,60.257344775217064,86.272004903896,9.544201924431867,2425.474046548913,other_sale,Wednesday
2023-08-03,39873.96119952586,22.47114908267745,963.2417609503301,238.45532078980915,1476.7827701918918,809.1299961783188,51.05577225460427,89.50816038560093,86.55128756859122,66.73514402843789,86.46652288194159,15.717816067221573,2529.5300396023313,bau,Thursday
2023-08-04,39874.113451103985,36.61460411189677,1211.7600418813981,166.43153952142333,1471.6277894763782,766.3823488769806,63.365639060256285,102.06918110297872,144.8537157411448,57.832134554521616,88.1764332529112,7.905669037700401,2788.4673247608657,bau,Friday
2023-08-05,41747.11383250248,29.669892637334183,1242.6604310209998,202.07416366933984,1438.0690725955415,673.4296445262215,51.654908632143574,77.66819117356138,86.00243416519879,77.52865493280915,92.373269906388,11.239788283471585,3474.754620570275,bau,Saturday
2023-08-06,43807.153920475175,25.24278126156954,1209.8509387835827,221.35246589142133,1608.5909476156307,695.4056058264046,31.97105151559739,56.52484700909539,94.05839893314315,80.81014166787905,88.4016703103032,11.183651788958532,4204.047138626719,bau,Sunday
2023-08-07,35750.189488897224,24.867001746875015,1072.7217251070967,186.5163536573818,1505.597312427221,795.9568082804453,55.955887294541874,128.60481263491153,105.33776170418002,76.32708332764982,87.20505597900585,11.084686696467838,4341.986586921903,bau,Monday
2023-08-08,38891.75634957997,35.871466636594924,1023.032336582605,197.47671566210482,1590.4812661065948,783.1048166505385,54.87757025211922,95.5696234558059,79.88050398550045,83.42641542785216,92.39288932246852,12.21672857083979,3397.2583947602707,bau,Tuesday
2023-08-09,36611.693737056325,24.39229887072416,862.4238576106816,246.07152993291868,1576.5387597628485,775.0722741616078,144.42322529551765,106.11781188097976,124.42596053681277,61.49004825376814,84.35608428277243,10.33335090676404,3476.8640637280955,other_sale,Wednesday
2023-08-10,40685.63466857461,32.37551144611217,848.7275516744775,322.25978438881066,1559.723641892974,710.9550150232905,233.8335534689994,78.34891750050465,101.54594774639621,79.71300890672819,87.59958159234095,13.360330475630374,4078.862872791316,bau,Thursday
2023-08-11,79165.57740041755,128.02371286855387,1001.013011705691,283.5513217158548,3266.917635699314,1055.1814337643032,226.56418000595875,110.74137966292896,52.606078371177055,60.7886651402138,203.82783924956988,109.39957422993454,6105.079304144849,big_sale,Friday
2023-08-12,75803.92438090942,94.98366017736977,907.9083559778602,254.72431127732574,3274.0848624835357,1049.983795114305,253.1576009557743,95.0179517904791,39.27519996903698,91.65558700605976,204.86654047946595,111.14823667333025,6759.104451436687,big_sale,Saturday
2023-08-13,72306.11843099196,73.06246471537378,638.3468995755328,300.9636431722829,3429.1568758057497,1095.1492610072703,239.44257996481323,79.67223286555767,35.788087220609704,104.3472687247226,199.05511397186692,111.61851659491127,8045.535420342346,big_sale,Sunday
2023-08-14,66296.38439237683,92.10280327786994,773.7761953695542,333.4620767926454,3338.5695883542758,1047.5029282586788,189.39379612448104,109.75028134715376,71.43744505865556,71.04234883456955,201.69613290020493,114.66170392685882,7912.04265236331,big_sale,Monday
2023-08-15,69623.55142659623,110.71101761382512,759.712056479352,329.2713477750864,3104.428872723376,986.5029831904856,176.7934564326203,115.70755167723257,52.75979296452721,94.3961173421345,204.8623075431596,109.32547881086319,7198.4794784567275,big_sale,Tuesday
2023-08-16,71316.15648767308,95.26306638724728,782.3714710704718,319.09767804804113,3119.353334910922,1052.7067280210413,144.63577900549373,99.2577837168291,63.34184641770572,80.25100330267503,201.0762243538186,110.97708519983323,7401.332640958164,big_sale,Wednesday
2023-08-17,72470.7282944961,87.2025880570675,923.0155998817718,365.2940684217705,3171.765290952265,1031.8654022694993,93.1285315934307,115.73972709219802,96.15811236796131,83.34572171535439,204.2286852577104,113.51133271603886,6708.1548523158335,big_sale,Thursday
2023-08-18,100513.12003410365,83.49491905485246,1040.7144120890457,423.0179709002,3015.402652787294,986.9810094160842,98.8349008841336,102.12689468477843,83.0931527381856,79.77867475075905,206.9756112360056,115.09746365016494,6789.781793255388,big_sale,Friday
2023-08-19,70680.83299436398,59.053906956872275,884.8310070360669,451.90789059071886,2949.8549477415727,975.8278766799666,95.24510922228374,74.8830639079469,76.54373038649851,77.39655249663564,198.47153341415478,113.23465782105653,7151.904792666733,big_sale,Saturday
2023-08-20,88038.26925972752,75.44751547606964,827.306952911885,485.7609087376984,3297.330177573465,1130.3550858390972,127.18595835718594,64.9349152144314,66.70073139497933,64.32038088584926,201.02294784931345,108.86597410139139,9500.096001901848,big_sale,Sunday
2023-08-21,46195.765497109125,42.882944425125785,1023.8032377113661,523.0396234751225,1967.2186579104746,810.5412413243421,432.93363323946153,114.08211250900628,140.87876163090553,69.33133001280831,78.13835886643236,19.118429301827483,6379.1691506006255,bau,Monday
2023-08-22,32815.287113933104,20.73537004135229,891.318257679437,419.73537043782926,1656.527165235417,767.4017206619122,255.2930353677392,140.31837778710607,131.18577537888117,74.84447282610361,74.03289949770571,11.876438181207988,5672.509483105878,bau,Tuesday
2023-08-23,33880.01498495034,40.22407927441267,926.2364150320087,476.71708725839727,1560.8193654885652,746.0682596536202,286.5533036664292,119.49327488684327,136.4227247273228,74.05121598462458,76.17797532647555,15.949673585389927,4819.780403636468,other_sale,Wednesday
2023-08-24,34101.258260166025,26.550736173521045,1021.6131127612056,441.6554466367549,1534.9429367967787,736.2108156050969,398.1308364528113,98.84229774880266,159.8851125795014,84.5988120191109,77.92158719786784,12.89338379301952,4167.603756771748,bau,Thursday
2023-08-25,29624.058866109743,16.537879433009167,930.8967804685,361.3466077554613,1516.8333260459503,725.7649554589594,273.5113523870455,98.58074677658745,159.64919364481565,75.68283697672257,72.88069848519311,11.713779634006238,3540.7985109583888,bau,Friday
2023-08-26,28672.485584803628,14.68470468092493,1045.0084165596224,402.50010948755755,1490.6969684462658,770.1292391424346,165.43985929467277,61.63151402644842,66.47394086622282,81.7945794588999,72.57864421335708,13.293734636867134,3580.617044329913,bau,Saturday
2023-08-27,26818.840490804083,26.746901450974295,895.6689030336446,319.5495833449561,1686.645512091553,814.4454539235999,189.67401740323027,83.8212546881094,108.36682356653658,68.90945887584633,80.37665903811778,15.552295114350954,3846.4502509364875,other_sale,Sunday
2023-08-28,37632.559533863765,41.57919455116515,824.112717627354,414.70513848398025,1641.7916300886372,754.1869703067514,198.19971990895286,89.89150114131219,134.81800795038947,77.2598750704872,78.95975793119932,14.496116702521018,3677.788007084922,bau,Monday
2023-08-29,37637.336227295884,44.58903465838462,884.5159535742755,240.37955249260392,1631.8588802316938,727.3858106938708,296.4587506971336,112.31340382163164,149.00006006350202,88.12133343486316,88.55719557763014,8.326864671051633,3451.360399792857,bau,Tuesday
2023-08-30,37839.78714254939,42.16874612634838,844.2555277781363,287.98014595245945,1648.9884701864062,693.3054430812525,263.52222909426825,98.87021615329496,173.18692832965922,78.32651294391087,81.64657563555312,12.887246911074286,3756.1982288071504,bau,Wednesday
2023-08-31,33843.75586034416,63.289722092983006,984.9502338285558,445.03017585647603,1560.2977845904697,736.0036183046881,211.79567172138493,94.51115025613998,120.69827162516783,83.687965578789,73.94166884745171,14.860811012281097,3549.215325431833,bau,Thursday
2023-09-01,123179.03318668748,72.14176168015314,1365.4441259261773,444.13048020548126,3296.9984506172955,1219.5408638361926,103.15401236345116,127.63775119490877,91.06929977798883,61.17343342970479,189.1370921789686,71.54026444129866,4190.15464415323,big_sale,Friday
2023-09-02,109911.06615440937,70.2158337543723,1143.512609550516,342.0963340088251,3261.4495826883744,1251.9462926749684,186.70653590880923,84.57376175638043,73.35004494355768,83.37524585323581,195.01658885991426,72.28095740485406,4561.6189637957095,big_sale,Saturday
2023-09-03,107833.66894182049,99.71393704309918,1077.9485713318452,308.1215588877551,3584.719652079792,1285.4617824919808,218.0724563731251,87.79753870218998,89.43791234256628,66.95832619422924,195.12967258536509,73.50972001321917,4725.870617433396,big_sale,Sunday
2023-09-04,132608.06096332055,97.37215233089705,1454.360156793092,666.1478321789647,3347.5302024680473,1264.071447700227,91.17936965328043,113.77036016781004,128.70255397309688,65.8282917247079,203.54660794500688,73.50252104846521,6199.461234289012,big_sale,Monday
2023-09-05,0,70.96884258177916,1119.6238431683723,893.646228763143,3750.01996201112,1256.4240757759399,318.5770729478072,136.49305224741627,87.65652243681747,60.278985668233155,197.20510159913226,71.84638606224964,7793.340317548395,big_sale,Tuesday
2023-09-06,104608.70568173217,43.5394763818637,1331.1496000972868,897.2365877041399,3988.55588055248,1270.5285386320634,613.566009147134,128.49482697034153,105.69260891531265,76.33050683895947,201.12861275658054,71.0271751942467,9109.388605859187,big_sale,Wednesday
2023-09-07,103391.33135632135,60.547832825982724,1233.482776378068,658.5419434825227,3895.793630689916,1303.0416779866114,371.9938406935876,141.39423640494113,112.2774297231405,57.52625912258662,196.96105336850934,66.93262515321746,6111.395974858109,big_sale,Thursday
2023-09-08,93735.4403432153,44.81678298223586,1173.0628266739673,685.8987480010245,3878.6614662688035,1255.5444494626881,225.74888912646378,92.98555662514023,99.31056054117016,89.10949619003671,203.26919392068257,73.2830132437104,7119.218775698883,big_sale,Friday
2023-09-09,105552.76797251846,24.1926810718708,1200.367714782634,520.8069107669335,3846.2505161722156,1238.9449321832492,259.24046570530567,99.74354840428673,99.51439440540663,95.40178667107081,191.4260716075785,72.12305099101593,9242.900873237244,big_sale,Saturday
2023-09-10,124747.10034144572,30.591676183667964,1699.8927851093615,2468.6892677964033,4227.240003020879,1381.2755741656233,247.52445545644173,112.29331603146423,90.54375957070022,67.68650826847932,189.70617430043652,70.60260973833422,20834.542450151217,big_sale,Sunday
2023-09-11,95272.71675975344,29.093967436511818,1666.315854100999,2188.8364296492505,4174.566562288377,1355.3985036141635,258.17303779421786,155.43330454683192,79.46196589467218,92.13501462290351,199.3596067263301,72.21429434035322,11014.449691091928,big_sale,Monday
2023-09-12,98210.60912644834,41.3401795827108,1304.146675455202,1350.1475589719867,3964.831665182207,1281.5057776962174,238.67094439125967,168.9031397529551,118.23176475794637,93.220392403101215,197.8023330619796,71.13277996992682,7011.573267073476,big_sale,Tuesday
2023-09-13,101117.38087398646,45.651745281842295,1515.8932746383634,1181.7135523879717,4000.762711116974,1281.399595470976,288.3438668648595,158.15550922074493,112.44473955146609,107.1551879528641,195.25552629835337,71.02464882806576,5090.907482667264,big_sale,Wednesday
2023-09-14,138155.32545805385,54.48848922068313,1693.6817137207265,585.2437530336928,4010.20543157287,1297.8035203439158,230.9416868085645,163.32170846130765,122.55800750100875,118.09662372876835,191.9399949474517,75.81377368128868,6096.089291147534,big_sale,Thursday
2023-09-15,62102.987243726864,97.00835607711355,1339.581935711099,268.2278425625719,1416.2750224029433,681.2526426542024,341.9561436731761,112.46500993650866,134.05116338084494,71.08603968707577,82.97004806007425,12.919815363047798,4248.008183975989,bau,Friday
2023-09-16,50176.63185645662,67.51291766369552,1115.792207916092,181.77298415793925,1498.184424439182,628.4577438611698,325.0120000571643,98.73805460849252,101.77823277219245,67.35642340612772,74.40404886068431,9.269391271157833,4794.84871520447,bau,Saturday
2023-09-17,56243.58737150553,54.013006464056886,1032.7948854567578,354.4243828618999,1445.999500543763,654.0561226805772,349.89595480788574,85.27622472309487,100.64746850547726,75.39501238117083,79.96341804282952,10.286491595113251,5842.973674173329,bau,Sunday
2023-09-18,43440.62247048447,10.95475963539904,1124.5568110161444,200.76539027218757,1430.8385878339186,631.3812019456615,249.01160553629072,148.6687423676291,119.27435183129255,61.29853793238141,69.15978972964889,14.679975450912941,3379.978098794396,bau,Monday
2023-09-19,42325.64730950721,7.812548437515935,1066.990294386701,194.30171985611958,1292.2776029454935,582.685993005662,157.21987059847396,137.41087394017725,49.18797258394807,67.30353897903576,77.1061067189446,13.56141385597783,2328.821847090514,bau,Tuesday
2023-09-20,39976.53011695958,4.677119565427933,974.2275892686492,264.58195105359624,1370.0423100810585,616.9575134154054,196.4214634594497,136.30151409518118,19.908955800585673,61.703275737293,83.3151436266575,13.914765103958567,2550.167735641808,other_sale,Wednesday
2023-09-21,35001.169938366555,4.058551553128976,914.5168622829865,141.02620187012585,1384.14530518697,605.7946000965054,1207.61362072295,118.03845326821398,19.82965650501919,58.249587935493246,79.50301703951982,14.538186650290504,3255.177970677357,other_sale,Thursday
2023-09-22,33387.9232284801,7.389185472783362,946.535451757695,205.83635080120027,1330.8081027959179,620.046219721502,662.6509538899651,105.2565738263657,19.166629489725082,64.00673703160228,70.97913174455795,9.109794747998032,2941.99889790821,other_sale,Friday
2023-09-23,46963.10649527807,6.259319826603471,950.720534585714,126.26870918839985,1304.5888087103476,570.4986089296597,244.3949555011349,73.62452114155016,17.99031340034674,69.33569971225347,73.25986393429166,12.479797465982742,2452.648373260678,bau,Saturday
2023-09-24,35086.905038317396,7.753055557218108,978.6826922833377,175.50528914137524,1439.6014235949626,657.9304194597779,126.87802561006295,74.6689933269275,17.893026801922993,75.3255122973768,81.77922330659987,13.371894560847934,2511.8771828782837,bau,Sunday
2023-09-25,30848.497740777406,9.827758056744463,1025.1618813281568,166.20486231209082,1382.807845233825,624.63302096591,125.95606178501218,134.9828745189673,28.257309980708058,61.014391402094624,73.48529592815689,12.326185709743081,1984.8559623495407,bau,Monday
2023-09-26,34725.3708013035,4.04429791687849,982.9314950617869,102.0184006921456,1288.8622185661623,627.4766996287923,102.9515629723215,133.4437977111863,35.53159872487539,65.46564929487604,79.72542382093276,6.811003374265024,1873.418972014175,bau,Tuesday
2023-09-27,38224.33980315664,5.211870922586137,847.5243553943874,90.5916970354428,1242.3525740629836,582.3284722181426,100.01733089317179,91.00198189502046,31.58533653295598,49.368265900370915,78.01460211776501,9.575934506639678,1905.5739816270993,other_sale,Wednesday
2023-09-28,34620.29050430801,5.166431681231969,864.1232062989565,76.21321414050973,1370.661858200121,635.5722976529075,59.86561223746387,94.99202787295783,25.645323478111013,60.52995387671031,75.92006011352518,9.609135100734342,1841.3192888914741,bau,Thursday
2023-09-29,30206.407562133547,4.8567300622337095,886.2301828502993,109.95847343933754,1359.328301137153,632.293329620273,48.65385342535229,84.41819018216475,17.968877293301922,81.73646742377458,78.19867500455122,12.49619890908318,1831.3164846520963,bau,Friday
2023-09-30,36831.983967376276,6.349400405662836,804.4393336656808,137.78812985967113,1277.3754980159658,557.9035242902993,50.124031151224706,112.61695449878357,23.55742032995645,69.27205687645309,75.2085926793779,13.732694180671164,1986.2156491526991,bau,Saturday
2023-10-01,45163.73114729198,9.409045928338985,836.1632442045386,203.854999819996,1312.5822728073686,626.1402920877464,53.424255104963365,91.57638897373306,13.492772986277368,11.964920608920863,57.46221165653154,7.214304569478882,2351.2798697139865,bau,Sunday
2023-10-02,27616.05195863056,9.507126653286932,787.412312173113,81.52480197449205,1276.3601269519716,616.4580250282099,66.02140090927641,91.0796458966499,33.257539898338464,25.033116316532144,60.590802087716355,7.231428865570029,2683.0908084494176,bau,Monday
2023-10-03,0,7.164634584722441,1816.7145040470245,83.03121384904786,1172.5386609819132,598.6891295383766,59.12671532439269,106.6310520877,26.70701960358961,7.063919986524627,64.8125755482467,6.034056711580445,3217.3308550259057,bau,Tuesday
2023-10-04,34385.53929327945,7.6326942771578645,1366.1545578900661,116.8090557737132,1157.8880453202646,616.2566409318683,46.67665115658947,105.61214642290372,25.107787235425327,24.97452087688346,65.99262924598568,8.373058698200248,3466.272707314338,other_sale,Wednesday
2023-10-05,39687.02819577178,4.559806859963325,1383.2419704831311,105.42120457542455,1158.3257425546137,620.0771127499173,53.3991768117252,88.75110730786693,25.01225324858284,20.58872740034751,60.24828206353825,9.107666553016784,3418.363441211405,bau,Thursday
2023-10-06,83956.7459130596,22.9088186528616,937.5486514173723,154.7573995217308,4028.5035585535493,1210.0920365931818,93.93470668720636,124.00979110991086,17.77617311480167,30.302531516756915,199.29152396038964,76.83633578307025,4875.790304709748,other_sale,Friday
2023-10-07,75066.3753244153,33.81351054831123,835.599508691639,149.83364820537477,4067.0451233575827,1250.4484614756805,108.21212141749264,74.01256051121896,12.621344337097609,24.634600402190543,209.00699382021756,74.87711697245938,7862.5962618308195,other_sale,Saturday
2023-10-08,73797.90148470466,22.40452637991088,1007.9600263540206,187.71204304008359,3711.722740539953,1164.4283935301596,74.9907506050697,81.53049448301205,27.859425220207,17.79552737142258,203.2897849085291,77.54624560486761,11062.61412343689,other_sale,Sunday
2023-10-09,79767.1707108045,43.65409197595043,954.6188096291437,191.78376698286274,3689.9434908981784,1097.3152519088746,109.19158787074582,106.0470020462424,42.80438327321508,13.363919729459475,206.80664614413283,75.09509181529134,9729.78352348678,other_sale,Monday
2023-10-10,69353.05538851293,15.208890030529242,936.5892251205576,94.13104903234648,3494.357410532749,1117.0261811485057,143.02343577178524,70.23714715342776,28.07090714160286,35.52440165735597,206.18749696616922,74.8584868865738,5026.704822835196,other_sale,Tuesday
2023-10-11,69918.32292788402,26.047373143996044,906.0904646227985,169.56730998630923,3167.8211428058166,1094.280762147803,93.55214311660029,89.18436496999394,38.706592610091334,26.47640582382713,183.81864587682796,76.80411424193021,4622.764858440731,other_sale,Wednesday
2023-10-12,65348.541562873754,22.39313944412909,807.3034300869434,103.88915223361484,2943.8414450190057,1115.412594937885,150.58814856799117,92.05144150338852,31.762975086552032,17.41807257437149,199.58093623104776,81.03081575111179,6667.147468856618,other_sale,Thursday
2023-10-13,69844.17369353028,25.55829572091406,793.0917741653594,118.09275586214193,2920.4547795519316,1013.1630890929487,103.46548731980991,105.6535391763829,41.857998894812326,23.23231375717596,188.58385135018617,79.58354760907315,6629.355136683782,other_sale,Friday
2023-10-14,72343.58012619776,19.941560314076828,890.0575131171182,108.97250867374788,2909.1629982774484,1013.9878552095477,93.15291629205568,90.59952271695248,74.05768210953998,29.68808756601332,185.40946772464488,78.10856810119155,6721.733968149785,other_sale,Saturday
2023-10-15,110522.99205716918,20.399285022584532,951.8480578756428,165.8064722138655,3102.245981881425,1127.6402442382764,76.61706729914481,82.86946895966982,76.29330382449739,13.295232395812551,186.67613741415926,74.29977223020182,8635.052699339965,other_sale,Sunday
2023-10-16,55279.27181357965,43.41996835602024,948.9679569124492,132.49444755834813,1345.4496317487328,596.0117908464625,518.4783799284043,127.13594095839038,105.89265779525914,13.283683415999604,37.576907446038454,15.878171786104113,7636.163510458541,other_sale,Monday
2023-10-17,46880.407764059804,19.095629199981502,971.7583770559855,128.8028707793066,1456.8360009578646,504.0240782043942,289.63231947490476,122.20118344752188,107.04530860603303,27.836785753289114,38.44690805898938,12.213659499092792,4938.8791089047545,bau,Tuesday
2023-10-18,41974.49893393339,34.12373939185814,901.9205477295297,81.37165128547244,1283.8453801851533,505.0351016815558,166.34405488580651,117.58081593379391,75.64765647437598,5.789377594153257,37.97635284748025,17.039602078423474,3512.389335055914,bau,Wednesday
2023-10-19,39794.17178416272,28.087395902164687,884.4698626008586,81.86241564228011,1350.1432276330804,462.81597830969724,123.11355518317917,117.80396237002871,70.80008353103646,17.020076803463944,36.164472756908694,10.874887466188984,3163.0219803911255,bau,Thursday
2023-10-20,49092.906086675546,25.119454441920833,893.5815141501947,116.8948440170456,1338.3539914764267,505.97620152055754,92.79891691058947,80.0482388171414,61.669580329814394,20.27734848513117,32.155168074555164,14.700320627104565,2762.663417691663,bau,Friday
2023-10-21,35555.26146759308,22.10074896204473,727.2082595447563,80.74274222692533,1360.2995638863913,510.3377177845276,58.919224300221536,84.25876616912454,50.846132518892226,21.627388542499688,48.192189009057124,9.508391473616296,2739.99772709425,bau,Saturday
2023-10-22,35584.74595204369,14.054518435644267,820.7141844609758,125.68205601101047,1328.8045377176827,517.5241825061687,55.22537680676023,69.44186640240648,79.00134859628037,15.641848146970556,35.034961140949214,13.40443919392889,3479.5169208186926,bau,Sunday
2023-10-23,34291.7348159955,24.567948825782388,914.3349943095411,74.87318340800104,1486.1941146867846,503.60815637581493,94.85687824198307,124.48189132880033,137.79054268364158,8.416001826960994,38.61189354340031,8.764418271084072,2982.8992563532747,bau,Monday
2023-10-24,34150.199902184715,20.094335312306413,786.7674597691883,114.96064799446245,1307.1937819889013,511.3107108389418,103.19188221654352,117.06493262346083,104.44134487063191,0,38.75935976688475,11.122785472494295,3141.4713702966037,bau,Tuesday
2023-10-25,38341.35556925238,24.392819278078527,802.3922833495778,103.8415125024594,1228.0409469178987,469.53843467885616,106.38791630151204,126.4573046545682,99.43775665535773,11.360880638500724,39.142654063920205,11.568607993851,2817.7635363443114,other_sale,Wednesday
2023-10-26,35015.86007687876,16.89344849385617,764.6763367246141,51.01964212312857,1195.8652984356697,497.2914996986796,106.55045361508019,85.52966820878423,83.87366770011515,13.482185211968682,33.119657470438845,15.107678250253556,3220.5716534785806,bau,Thursday
2023-10-27,121630.29511095486,85.74818917696737,1126.9005707430454,177.49034598779434,3085.01261137983,1278.602664256459,195.0942426692939,101.24238338728752,77.59714246404985,11.694543982635293,206.5914980718075,62.65844005503067,4118.072726720994,holiday_sale,Friday
2023-10-28,105898.69992716446,33.50753637589563,1158.42624416708,144.3049011579286,3130.560338754653,1269.4499334989869,217.1823750218305,123.87595116564243,93.36638189079513,2.5340770821665624,217.0519983549823,64.1076689888816,5057.232128032146,holiday_sale,Saturday
2023-10-29,101186.23385076875,35.3740257476487,1412.6452798896016,258.4501240934348,2682.255406420936,1072.455058655919,292.2627617397806,106.15433124278088,69.30621412220792,8.332492839251557,210.36087304602233,62.33910128544704,6182.737266473826,holiday_sale,Sunday
2023-10-30,99234.03038100814,46.52194563488249,1377.0804454823863,424.3472333265426,2767.261921849402,1122.8626875325438,432.9880158381357,151.34474903698015,69.15836135811782,26.996875168071217,214.4404948088874,64.41595453926489,6678.477285902352,holiday_sale,Monday
2023-10-31,107903.61324387722,39.07897201913667,1333.2070788485707,557.3659702934148,3303.0983266265703,1403.764567808397,571.9365600001308,187.90743334903146,70.92011129729322,10.98041925061488,201.352550333104,50.83943880890872,6349.28010099384,holiday_sale,Tuesday
2023-11-01,127206.80725286415,20.668177808432972,1649.208074087129,1066.0980003196432,3577.898914980947,1475.133846717482,672.4044072922198,177.916277077899,83.76024706936896,0,174.0350845703198,51.66730284251143,7735.36698417252,holiday_sale,Wednesday
2023-11-02,129578.66283816054,29.416424452459946,1812.5143307805438,1005.9641045351609,3544.09397052077,1481.8524388524377,559.5042137091199,250.76325713214987,73.65700227648927,30.60633681132702,184.271099451225,46.25267753240182,9192.57854422381,holiday_sale,Thursday
2023-11-03,132972.8424787563,29.27422404421259,1973.0852393298676,1105.8412127789204,3794.8018818146884,1537.2303000459253,362.47900920753955,187.03889094494244,53.38160488452159,14.53153964900286,164.95226764753886,37.127193522418025,5057.376095951989,holiday_sale,Friday
2023-11-04,121232.00360982782,31.295034281835644,1597.022399741104,1284.2210211969875,3526.7175454857224,1466.436976388418,381.6347924931505,175.40777717070952,40.39030848534127,35.36490399510228,168.55482096468916,39.51294774080401,5627.111777800105,holiday_sale,Saturday
2023-11-05,130907.75199186942,38.195245764706605,1874.3065987672528,1414.9023025360414,4041.1676061203348,1630.680948897314,358.4774180009042,154.08537349991394,43.60476506065165,0,160.3201711133963,34.45056295997933,6415.439989057839,holiday_sale,Sunday
2023-11-06,110957.78465242687,78.3201290916408,1468.0466910712112,1152.0206063390056,3835.8069578469394,1601.000911832406,508.5329090316108,196.50445258197848,57.90165898125674,14.511429065549736,166.0024255471808,37.252677325411064,5468.944680399939,holiday_sale,Monday
2023-11-07,0,35.49588564783634,1439.7426613607981,1138.9287088337428,3713.275451869771,1525.9923061618078,396.5007939375196,174.9579023981232,58.42422083879695,0,131.88357775571734,38.49842390986293,5570.140340360029,holiday_sale,Tuesday
2023-11-08,104163.5912939906,31.938947044127094,1615.0515924239955,1013.0442257641912,3717.168427724496,1475.997905545884,389.98640123278676,198.21524279536936,46.47083197615335,3.3073529811253843,131.47842634378318,36.231296278113284,5085.202400290803,holiday_sale,Wednesday
2023-11-09,104209.11025233378,18.54840608402165,1589.6616371532623,1055.4301698028355,3665.1722920161405,1539.0118725681473,298.64542114822314,192.41300407646474,48.14225850700788,11.539159148043119,140.36428660159143,37.24417412846115,4680.693788649451,holiday_sale,Thursday
2023-11-10,109033.85691204759,26.441732148399883,1569.143195384495,802.7986362043449,3531.207488609542,1491.433739885811,307.3663028152137,174.61543027098818,45.01054650566103,6.662328853781358,138.72944941707178,34.47095899731321,4752.14226676785,holiday_sale,Friday
2023-11-11,110188.56396440089,26.030440032234804,1569.0160735453044,434.859777524493,3567.514964065106,1538.2935792058086,401.32350973206246,137.60645442984557,26.425482846730624,7.045484431077626,114.2262384454863,37.83887756203966,4414.314016004836,holiday_sale,Saturday
2023-11-12,108396.37594207517,17.9905405440672,1772.0301906073937,605.0964006364413,4049.687631101777,1719.8985450736352,467.77200848146066,127.5395055998601,50.34847618418785,7.2346304986519,125.79654266200666,37.518496681899336,4666.7890463796175,holiday_sale,Sunday
2023-11-13,108053.78560655811,19.822111967738607,2015.0913772597346,521.7035542180643,3895.122034047414,1613.5508318337852,489.2938275927144,197.4887777870692,35.46618570711287,22.733386960893107,114.34615060596464,38.29587630507791,4383.065033753109,holiday_sale,Monday
2023-11-14,120379.5690749479,35.081216132598506,2133.830672803016,584.936782872364,3761.6587892207203,1564.2300363540558,526.6903828319529,192.94146520570686,47.703105619132096,18.85857318575177,109.87019856848957,37.96152498012885,4582.000374973438,holiday_sale,Tuesday
2023-11-15,122751.46245686235,33.79013391034139,3017.242042172602,689.2151162396729,3665.2754164446874,1587.61440628537,521.1985462368544,202.3260054979637,53.76061046510291,14.395239346617394,108.7558941385732,38.0627067896245,4629.1760294998285,holiday_sale,Wednesday
2023-11-16,129005.24794610124,32.91619061239898,2660.0119753187905,600.256842148841,3713.5035349747095,1522.9617013285192,422.02993468717955,204.1672324920022,38.42871519276029,21.49738111207186,104.28293893792446,37.876436186054526,4364.697550589438,holiday_sale,Thursday
2023-11-17,116396.12406839087,32.90326173998343,1992.0038802093268,447.48659272584604,3678.378417161747,1593.9068837512912,409.99425962712667,157.44571228189793,44.664253257833685,31.88628332220996,109.77053997975258,31.406355385972795,4699.698017274662,holiday_sale,Friday
2023-11-18,109850.71301476612,52.39338169764929,1923.5792777510667,435.57070103665507,3564.8793927306983,1496.5473158986792,443.2359369312527,147.63858934201244,48.85271738147175,10.725001043340676,103.36446165832419,33.94401130942065,4860.4397630116955,holiday_sale,Saturday
2023-11-19,108769.10826911079,40.180274260589684,1882.2863139011295,345.064276140356,3962.2096715922894,1708.3934391770645,441.7392170343268,141.65458764679474,55.66753820846168,28.55047776123096,104.99472901979192,30.765552645657532,4409.33799409669,holiday_sale,Sunday
2023-11-20,91760.19596085987,33.18675674297462,1841.581652195039,258.45779342148296,3895.9270999944306,1595.2369086913557,307.6015404206851,162.8212211579253,86.30730411926736,9.787280816854153,107.96148409751633,32.875077912552314,4264.650678331584,holiday_sale,Monday
2023-11-21,102172.34175254832,26.975668042567523,1596.226466951561,289.77229582056816,3863.1386250408063,1594.895796673767,252.28976064742645,184.16967970955577,104.42359113034526,11.922783730472846,90.29927780345564,32.52710138857723,3784.4918554041374,holiday_sale,Tuesday
2023-11-22,105355.99040158732,15.077095571753627,1338.8359512094075,389.60254779161204,3759.236254777595,1588.9906392223563,314.2760439666085,168.3083130330399,94.55396302864861,10.960577257711055,100.35026529565543,29.10310437532405,5494.788442878618,holiday_sale,Wednesday
2023-11-23,122247.51148530455,11.295047506015266,1233.0570448388937,827.6165547697403,3724.8521022651503,1510.9737702714153,343.78467780448824,125.71358673117035,60.25266077279577,21.01826850315001,85.42872250290641,32.40903201348497,9678.894023407136,holiday_sale,Thursday
2023-11-24,261863.92084336464,16.52769295694428,2458.3122356635326,921.3039783115213,4334.748340290015,1929.6249761788376,264.2191622111781,260.99038940328677,132.52202436102706,15.962909789338482,138.64410131649777,53.40988361571954,9002.064451223672,holiday_sale,Friday
2023-11-25,161866.90483745193,15.057241920361474,1634.8526357662527,519.6818998777838,3325.6220425027864,1471.6650200206175,374.6722687415126,153.05424478295845,59.85163489122565,27.709402092564297,137.27730779487052,50.67220621873993,5847.934151776781,holiday_sale,Saturday
2023-11-26,131351.4353023464,25.793670580478636,1298.4520195197056,1170.6728548041485,3626.895096427106,1649.2565911448817,369.52410951616827,134.25388697427803,67.43203853605532,17.011056092834018,141.88727004689903,52.81929184058748,10118.247726102309,holiday_sale,Sunday
2023-11-27,133758.23598744895,27.58846657694768,1477.371042168503,1159.057359317178,3809.458303682226,1802.1687196706941,403.2826866235286,232.806087135081,95.88917013226286,12.753098039713944,139.8244259207421,53.14499355118775,9317.662753585611,holiday_sale,Monday
2023-11-28,97866.03630285004,30.625292146106787,1039.535239698598,323.84080875785753,3292.5579384300436,1634.245546243657,155.9850590541501,137.4110826311558,81.2449923477075,16.123284225479726,100.12163665818878,38.723371815809514,3956.375568406561,holiday_sale,Tuesday
2023-11-29,76501.97388056728,24.992715977683883,819.1287191238375,350.4971664638067,2801.626814742417,1251.4053376605732,198.97060045503025,129.46459642326832,96.17852128786603,21.607624189094118,77.6877563037465,27.37835986618983,6422.2629202725275,holiday_sale,Wednesday
2023-11-30,76652.47423530469,19.337206328851376,841.8462972913736,372.8708945048056,3251.293704747682,1638.4528071807908,230.02364811329485,124.84537810366129,186.2575631602138,18.10658448397239,92.49443233066764,25.8581581836344,5089.362050759701,holiday_sale,Thursday
2023-12-01,74495.20540925402,21.834198623900534,740.1606287936719,337.82221656980556,2140.1682935568774,1084.3641685556317,175.9684829083885,113.22064404546326,56.84528676989265,0.5743677285783448,119.4107581802125,37.049295382992405,4460.643559734876,holiday_sale,Friday
2023-12-02,107090.01534267138,10.36493531653126,795.0615583836463,311.7946938797102,1882.1800094959742,880.7832198030918,178.23032820067309,109.44665689143373,106.334587700645,16.17632742191868,113.39487783358103,36.06245190106963,3779.175685770804,holiday_sale,Saturday
2023-12-03,54792.900159429264,28.61734249781299,582.0371143472706,225.17292240582364,1900.727239456131,928.0120453474397,161.1574392044336,111.89198657308323,101.15625005280424,23.72785538437811,116.70686345196532,36.61443459450523,3735.638875210985,bau,Sunday
2023-12-04,50563.733583481786,32.798075117761506,618.4475806287776,242.62129476650915,1904.9897938518695,911.3044979780466,178.50676147680178,97.77034588664472,110.43967446873431,21.315556036218805,123.57354574556007,35.59629138612812,5145.587269033969,other_sale,Monday
2023-12-05,0,38.170823196949115,609.9703119320819,371.78676078934274,1797.13564096037,861.9419483170794,263.8843002955381,118.92175317175159,99.99133731207348,9.982724603363476,111.92360623340211,39.44840490413216,5805.936490433714,bau,Tuesday
2023-12-06,44785.37392597178,22.191370185194753,696.8909350394464,316.93053385699886,1820.994187970551,860.285390978184,181.48878493705814,102.86677451336683,112.65849821900812,14.065212656363784,109.33184487754954,39.36286983716375,5739.119518550053,other_sale,Wednesday
2023-12-07,47532.93048239987,28.44068307326591,661.3467279163701,296.42239537368994,1900.544542868432,866.6391522071336,93.04068730133923,95.62208183967057,91.5439284063947,15.224731540152746,113.26880109902359,35.272632158475176,4695.678105669713,other_sale,Thursday
2023-12-08,47518.03390599235,18.962089188815277,584.7990456685517,147.96314992181613,1872.2183534591259,846.5633470846612,63.84289788278143,71.36177130729999,111.47885773383675,33.44973668706881,138.5252775012809,36.3974415567803,3819.4231217180854,other_sale,Friday
2023-12-09,49050.90145190668,11.916441236945243,571.0217635007031,154.07669042573852,1798.9751459064655,819.8992025450674,68.68934346323896,72.15418926786626,90.93728946941894,7.843046878999821,142.17867046090694,39.12537562185398,3397.1278632982035,holiday_sale,Saturday
2023-12-10,38536.88447360945,13.309507429099408,651.5946156050535,211.78819225026842,2098.4397302830707,938.8372264597359,22.47088904128012,66.86533644338655,70.14368511083251,28.742482315810467,136.84416063750893,40.92074241803965,4480.095916497976,other_sale,Sunday
2023-12-11,40905.956128602826,21.176697017082134,569.3332995879497,305.26362869234623,2009.789476780235,904.114423290954,25.3109953147153,65.3715513350553,141.74587823856655,28.244343925703465,145.72587573199826,35.0562371436812,4072.7134275416192,other_sale,Monday
2023-12-12,35961.04144467905,17.167828311205557,560.6791253748042,183.00367948576394,1905.3969040790535,870.5115172963889,64.0627788530444,74.436344643749507,127.94626463796082,20.629898972750087,138.86997792821688,39.2515145170912,4123.397106611887,bau,Tuesday
2023-12-13,42285.7899755138,21.33267434968002,619.0088103911601,269.5994738042308,1901.1270724903986,886.9556388237568,57.14301794701169,92.88798821389507,94.8849399708797,18.07653840928323,146.86861131808976,37.499319656756406,4405.307362769545,other_sale,Wednesday
2023-12-14,57800.95355380089,9.418607900346238,634.6975840953071,203.0044401644273,3041.007520149933,842.9921606406435,54.40108458640309,76.09339733402436,91.83100216061405,0,137.163353190944,38.48287832836334,3962.207407051073,other_sale,Thursday
2023-12-15,70073.36549215746,7.440039962180011,509.51779093693415,158.83198015713967,3432.7649012339207,1008.1497887968582,62.39959891774666,75.9407909222155,68.44735347365203,31.430199210159508,138.08609930910703,36.3926192735355,4644.843068238242,other_sale,Friday
2023-12-16,54482.75219075036,6.949851258210632,466.6067418463856,142.9598700150378,3444.7280500822812,959.6613687426623,81.11514320151446,57.637903844056744,53.58710349122377,18.881292306274236,140.583847748029,39.751780921062135,5198.408783544713,other_sale,Saturday
2023-12-17,66221.12230746789,7.458542651382702,582.6083071754315,180.30629360498045,3527.362178039611,1004.8031184828088,93.11865546599482,61.3173918319256,66.01545684244631,0,147.3324286452887,37.60752748293693,5487.353229435548,other_sale,Sunday
2023-12-18,54004.19156549131,3.653483779292359,481.4074910974348,107.62305788476961,3014.6132226935524,619.9399943311847,47.34549626365843,94.53167817140847,47.719174715262746,19.947089071828795,91.0563917002563,32.647067021768436,3329.2529459154384,other_sale,Monday
2023-12-19,30520.350496133255,5.298945210882675,493.8241249734761,131.12890826838967,2703.7368287922377,462.34079922354454,41.488769881911594,49.44901132985506,37.77751126249443,15.863675924833418,62.52476896221194,36.32144295283652,2146.4903660988693,bau,Tuesday
2023-12-20,24583.3348800696,6.398545192064008,504.5886337826807,114.0035904820148,2345.7589628355386,425.33266953611786,17.705479432837475,61.571306493774884,41.974960167179965,17.328884160797784,60.48852346822643,31.97371753750997,2050.436222430893,other_sale,Wednesday
2023-12-21,19841.444842958586,7.305452183073736,387.3851995622545,104.68254261373127,2561.5782083466797,388.66010186158064,7.540220103809095,52.00390288286827,41.80078915199227,13.744816392979036,64.2824108253201,29.903046478467935,1894.898428668152,bau,Thursday
2023-12-22,21711.112742368467,5.903321803074083,399.9243350133198,143.61590382001026,2408.784095447145,356.3406521238069,43.95713334514224,37.91222767939866,45.141835214443596,0,63.863845694499574,34.05847338822599,1490.9418024784538,bau,Friday
2023-12-23,37665.86493607916,6.822750781776619,389.30492929640695,103.74876684235055,2427.223243400194,343.75810695754365,0.200721920187088,31.057335388931374,33.40228528376483,35.89121817374243,68.00885696748573,31.29210720853956,1109.6500525129463,holiday_sale,Saturday
2023-12-24,14881.93354997853,7.36297419965699,269.2386909731534,136.43380271201303,2587.8505831746766,358.92031997302445,28.10041617632406,17.48882551013171,25.890320517742083,15.755696798016729,62.94109398429708,31.702921119136118,1157.908434856304,bau,Sunday
2023-12-25,15106.391699350737,7.261694004762264,372.22520664221133,158.3155643651877,2484.4583061468697,407.80761917244865,35.753933680397154,26.42513869978372,30.341249450843698,27.755178271543258,54.783608139435685,31.230838344560244,1115.7609000797981,bau,Monday
2023-12-26,45339.43472343205,67.84951552866158,597.0298600173261,176.25508223222107,4003.3159438285297,878.9175967695766,6.785838602935278,55.34076780400908,27.87160920394814,32.29075561976397,157.0075893744153,61.75258376965617,3128.84728132092,holiday_sale,Tuesday
2023-12-27,47076.86512346641,84.64325233381777,564.9370848767879,299.2695119037659,3776.6184397132224,919.1299699169684,25.25949179355244,65.21668475584353,70.33301841405198,23.0255246685716,153.2396746585945,61.97440030025333,5605.637488415645,holiday_sale,Wednesday
2023-12-28,57330.327387406855,68.39928332823132,589.8231560654262,445.25699351630294,3722.1866051516968,861.9728112757673,35.19398673282623,67.50201218669037,79.26483105058702,18.499411170136526,160.4523016137146,60.49686786514042,6813.876900771311,holiday_sale,Thursday
2023-12-29,55377.142077284356,26.0717773722921,578.1840896770052,489.2407341389576,3759.650697301314,921.6777689340167,30.160269924804744,72.51139148959317,54.977109723399025,14.367704710321725,160.12856408525224,62.60615147525409,7171.826475378482,holiday_sale,Friday
2023-12-30,59728.06710314201,10.340791508814684,561.6616485126185,473.9190820406486,3731.122018071236,906.5285732758688,24.41310353799264,52.02692939072035,84.50765992512208,24.081015044468515,151.54564016011508,62.534427480508725,7618.562249129421,holiday_sale,Saturday
2023-12-31,50758.02829433373,11.880941951897965,509.7971321024124,454.44740078252636,3747.957274172531,969.240331397091,33.106473632394035,42.67131078238882,127.68613041825603,19.847957096036044,150.05770671193477,59.37723856309189,8341.979508909752,holiday_sale,Sunday
2024-01-01,65860.07557256975,16.28790658198888,589.3691421944661,577.0626206316861,2243.160591445967,956.1180209311574,33.08567428727015,59.77341858378512,128.25730966014083,27.887856768046493,149.41153381088577,63.00218189300986,8318.080803192577,holiday_sale,Monday
2024-01-02,0,27.853062320753402,614.4301389642591,481.2368762945142,2146.4352838429727,903.6043036932515,41.61496120090148,83.00290968776598,154.45185172847636,28.768980723798304,138.7456981607878,65.4862766534513,8475.62015107733,holiday_sale,Tuesday
2024-01-03,85311.17256176149,21.20609307532967,1230.6630546170672,298.95388825699763,2147.6641182241146,873.325060867598,42.52055276817134,99.42403975743869,154.29680218935962,14.96919552396967,133.48274014061522,67.170264745556,7418.935263807821,holiday_sale,Wednesday
2024-01-04,92916.39765844245,26.707861400587305,758.6600167746813,275.90617695311056,2039.8381458661756,889.8801744746736,29.907756074683334,73.21130170944679,174.62217069694023,26.674139694368108,141.74125837425404,63.5775270822018,5737.575869582391,holiday_sale,Thursday
2024-01-05,52397.396141680474,22.444716989819355,765.6736398296019,8.822088608093502,1250.5939543814186,537.8913977455572,70.07407231672653,92.96944062903023,157.25309114466762,24.679863468932567,88.59706252917773,41.33117778144447,4264.775752710908,bau,Friday
2024-01-06,47396.40083052986,22.216081449881376,805.9718795975548,0,975.2824145358901,460.6387779087604,123.35441934361072,71.3782522807652,122.42334661877436,26.69958610843006,58.05430856233034,10.50647233474321,5413.3697177546965,bau,Saturday
2024-01-07,43437.91359485897,15.752419631686264,741.3511625773202,151.65530722156734,1170.227411003076,509.8569225730714,216.2990510045899,78.40986998996804,168.3306311576302,2.6826439629115084,58.296047689171935,11.570867273158308,6078.468757061747,bau,Sunday
2024-01-08,41177.35202877837,19.11368553640905,713.0228107776456,93.46505219068627,1158.0133179259983,507.53950990637065,124.78744075435922,92.82592580465055,137.03554745059694,12.295323321103986,69.41862016194466,13.362285476028479,5724.8673324374795,bau,Monday
2024-01-09,51979.21940191122,19.193797310097487,758.6117050927744,90.03754260726313,1152.4712754287461,511.7218245860415,103.37337707527612,105.7040481445263,103.77030910142759,16.52043654638176,58.19984624269617,11.524986528634273,4914.747925179839,bau,Tuesday
2024-01-10,42791.11888064689,24.76136596852663,842.396744455895,36.464223101206244,1049.8482249657566,503.45697815930276,118.65704152944178,120.73759940925818,100.3413562393061,24.488078507364587,64.63837495276823,12.676307928107192,3992.900615415729,other_sale,Wednesday
2024-01-11,38062.811825460136,18.702560141476688,813.0271876538038,73.58230055560341,1048.5151459789079,488.1244340508244,78.48788378975172,125.00700247016935,74.54097394556563,9.411268013955137,60.93429176255994,15.217616812259456,3145.048146513341,bau,Thursday
2024-01-12,36862.28798705415,21.142391136770122,728.3787433120881,45.13882279556893,890.6329299898943,505.522895660548,92.63086445050108,90.85717811408927,157.3500165984764,11.738552847982458,66.94607177130916,15.727063052163441,3510.062967384437,bau,Friday
2024-01-13,37740.30608344025,15.641756525770008,887.4710617728292,65.91497474680955,971.8630583639514,432.60516345950305,278.50218667597693,92.12893836757826,138.48813318965747,16.806335734553596,65.08480446414974,16.58679072960181,3865.501835323268,bau,Saturday
2024-01-14,42972.82558464635,18.404840744886517,1032.2327423387192,124.09960868958113,971.5354007515173,457.14412417655876,227.18574836425822,90.53008596931154,158.80514091725212,23.983628797782323,61.510923103602615,11.547578395036203,3890.3047508456907,other_sale,Sunday
2024-01-15,40987.03142703946,25.653720876189524,934.8918609062191,119.12718267343942,942.4849108603146,506.1147133062386,124.12329664914073,123.81629349981574,110.75642277781236,15.636904157465382,59.49075610711962,12.406176820583832,3585.389317947924,bau,Monday
2024-01-16,39361.61881590445,64.7090123528951,696.4858593660281,103.7023505950524,722.0467820461628,461.4982512055118,180.58216322995682,95.06337789737997,126.43573763127728,13.129558488313656,68.27693546289116,9.502224445448832,3407.5470232428233,bau,Tuesday
2024-01-17,37373.0417192015,29.548203154627437,659.939821186076,115.57118587016893,791.6984282175242,440.35437551478503,224.54879674790203,108.3394461098332,135.4310548778234,31.720577561941703,60.60046410070333,14.066608515870888,3574.671919213429,other_sale,Wednesday
2024-01-18,41948.24300825276,24.027283264354026,623.772163223161,51.51886244937717,897.8477711298758,467.2292621505328,282.1855501809626,138.48847716643607,124.20486115147898,13.038024013431457,62.495846682989594,12.285405101562388,3856.824925005852,bau,Thursday
2024-01-19,187951.8867081621,25.40046855390046,1085.6004358151722,225.26042636907857,2542.082962671759,901.2457787020933,157.4851448059018,175.90356504194008,125.07122203206406,8.85171073479785,135.51930811889352,60.40458563890685,6177.575983169195,other_sale,Friday
2024-01-20,176873.82333069632,18.532862306087015,1193.090177317721,355.8383549819495,3375.43656086989,1029.7851736864573,268.87447473057205,184.5555084882912,83.57638587288369,20.512113982091932,132.42656027207397,58.777270903973665,11027.689265186618,other_sale,Saturday
2024-01-21,154526.04101185867,17.455156421992108,1206.9736980516561,445.2049757668417,3532.9846393282683,1068.655095346041,455.1694285173854,124.40768962451453,78.20587910224182,13.030921557795985,142.96880563765666,60.648408681067416,10575.557865307748,other_sale,Sunday
2024-01-22,127597.80638141335,23.154749407084374,1030.6422574769638,561.3481314070791,3492.6297291050314,1058.7620110118105,510.91067819032503,195.13575784171718,117.90126910689,17.123704816053575,139.35874543245893,62.86260808209059,11945.183987990386,other_sale,Monday
2024-01-23,117060.05366541877,29.8223303744634,972.6217623260995,756.8463215556575,3443.4114000807785,1033.0377488992333,854.4181929155253,181.5006837699216,124.0239852083924,20.01119004841926,142.72631032384734,62.98598888890728,9347.090288871539,other_sale,Tuesday
2024-01-24,111330.86068657703,30.695041041655017,983.5356197941082,1081.8755023031556,2989.72062514607,978.5963453751948,468.90193979530216,252.05198716449542,195.52716891489243,22.164757674312522,142.61539968683053,59.3565173345826,5948.586821749043,other_sale,Wednesday
2024-01-25,95929.63433102834,31.816477413626103,783.1284477705583,896.7993470415475,2251.203962151638,866.7257046886824,333.3731307867442,199.320190005166,192.44483761329374,7.648720032464191,130.8987755820339,61.52457442304915,5711.225810164815,other_sale,Thursday
2024-01-26,106742.00838489889,25.222369346040956,823.9223654457825,1129.0260389404298,2910.301869501489,1126.610017937768,425.1737276664931,237.52267195184015,314.2798715448722,21.355909798129833,131.6260237480891,57.130408461155646,6254.244182936181,other_sale,Friday
2024-01-27,123243.07918757347,14.932562342843248,689.36809380181,1523.382126658061,2865.278617860405,1104.0938585712415,276.9659550261019,163.66818603224567,312.48537669673226,32.26643023294589,141.88069481817934,65.12592226846954,11080.112406335256,other_sale,Saturday
2024-01-28,135352.70209160357,22.38699615742945,809.2310063833203,2141.7200853651248,3282.4072659650305,1238.25565883419,277.3470678464191,184.03319501886327,310.9596737048359,7.263153608185713,134.94882049432562,64.85279946026138,12161.489213559396,other_sale,Sunday
2024-01-29,157943.22262269905,21.30223193904044,725.5027350612758,778.957163795355,3157.5876918971967,1183.2495109275085,193.9461553560315,228.54078697971994,171.5266820227463,23.078904762991854,133.17608987080817,60.35392548150827,3870.6285670361353,other_sale,Monday
2024-01-30,47504.54747122612,8.772976532959994,590.4901304249047,253.35692352085906,1256.8828496336705,522.3846021126353,117.64936064390415,181.7381870674162,55.87979558347699,0,40.697193790496115,11.2165992278672,1291.318363352061,bau,Tuesday
2024-01-31,35580.52916447531,6.36161040145063,618.0326873648229,227.52384399806562,998.284836349762,522.3560552563638,88.70535831084717,150.94041007769468,71.13585780448332,0,47.45944328255701,14.698103095558587,2162.864755095252,other_sale,Wednesday
2024-02-01,30816.941972038574,3.7419296406159455,657.2353735488919,419.3625053329829,938.9199667844896,449.529030089948,106.47237792519638,141.56316756318796,64.01219535361254,0,89.54240767026309,12.764064073296616,4609.219319065112,bau,Thursday
2024-02-02,57154.56191529569,5.715477542116343,687.2799817397332,503.3339842253248,900.367833684705,415.76106813037893,105.14751328642929,162.1788412895109,66.81430361094263,0,96.8050658667569,11.495288402292044,8706.521575654622,big_sale,Friday
2024-02-03,52467.96834806049,6.618419720780402,689.826517939603,409.26424261045383,901.7436695348528,428.9566595625066,119.45710773448334,97.860934893723,59.754542078524466,0,99.827951238083,10.934677634444318,7516.653044030281,big_sale,Saturday
2024-02-04,56779.56296095472,7.621563461137891,702.3258733600582,490.25079352906744,930.8245211312224,492.80679982492074,128.753401939175,136.2484913771239,60.965956444932466,0,94.82921250706312,17.1925911608935,6123.287900493973,big_sale,Sunday
2024-02-05,33322.37657076731,6.023548734542324,654.7702404142409,433.12738414664386,1033.2806120111243,430.11712364185036,115.62096816821584,171.65508038821318,55.05168089908691,0,104.64822995573597,7.750326468529565,3665.6044273976618,bau,Monday
2024-02-06,0,5.927570866844906,664.6410218131948,291.45056618384217,892.5957791797895,442.9766215542015,110.42540427951691,135.63300375405922,55.37767938903548,0,93.83279466388781,15.26488757365587,4566.978781306899,bau,Tuesday
2024-02-07,36989.09126465778,8.854892853413403,730.4595244982197,179.608389226588,933.7810301182527,425.9968049533653,118.08418589483038,94.13986703801896,58.26201704797851,0,97.42894070762993,12.3557493685598,4092.0173460642964,other_sale,Wednesday
2024-02-08,33132.678931025715,8.901843070934213,728.6120370504015,267.6872049468112,991.2196984043834,427.20832329506925,112.79116264160736,106.66184850313996,59.55456528702018,0,95.56743209242109,13.473522659564459,4046.6607570670217,bau,Thursday
2024-02-09,28321.05052866577,7.909645151783595,657.2807021678724,139.2346422065847,987.1044017472735,383.38260691331527,107.18269341489565,75.770595082247,54.96091334534343,0,104.78416616920778,15.625282255531078,3540.877712070138,bau,Friday
2024-02-10,32100.551770472157,7.682390023762984,617.9531484547853,148.0723301033409,894.855749727228,440.12149061995075,98.45083472585026,59.21996019065193,43.06590861661485,0,93.31089709872886,12.074167485276552,3297.5468767462526,bau,Saturday
2024-02-11,34306.66990484356,8.233754518374248,587.6114281841601,208.03564007155182,1014.3644275883938,508.70451518431946,113.24430704886132,55.10016436562989,42.83885863129286,0,89.01464232322283,14.149695834361452,3096.411417075823,bau,Sunday
2024-02-12,29498.957487335767,6.805162756590162,519.1347913748523,167.7616717136575,993.6983717008725,428.0667159649064,211.7724641854251,74.18782939589667,52.32626884701604,0,94.27517168589036,12.143223152808925,3018.5409511621383,bau,Monday
2024-02-13,29836.66106244766,5.345617965767284,633.4175197188339,128.46692254688503,1001.358020020235,479.2890325598192,402.99430906892394,84.86596053372041,61.64798536878819,0,99.39351659599764,12.946935784317954,2715.6467157629454,bau,Tuesday
2024-02-14,28870.63887737585,19.186558243150483,531.427866316969,223.42928203791703,847.8240549735264,441.27817665223114,395.5435233624073,56.661023791716495,112.58299218940152,0,102.2178080157721,9.032072316611153,2855.9285729383237,other_sale,Wednesday
2024-02-15,76592.91106701574,19.608290054764506,690.6860073742788,405.3100611837088,2335.943950728857,1049.9618278209227,194.4180416908387,110.98493450197572,116.91131875037362,0,264.1180418247758,74.97804162984485,4477.822533737505,bau,Thursday
2024-02-16,69606.33984254967,18.749021875672806,716.9064613457783,427.11165739371216,2574.5335639709165,1011.2828544525332,266.3923694967022,100.5124152039342,110.57292541888027,0,266.05423639917876,74.19197441797587,4884.653702286015,big_sale,Friday
2024-02-17,58990.288769307066,11.89507444358049,749.3941459790351,463.1550071232342,2511.9327588841816,1007.2353109744892,352.9836987949511,85.74505081326039,104.4995438678378,0,261.6178391591048,69.14077180478358,5719.113427681489,big_sale,Saturday
2024-02-18,71072.71746218998,11.441528560517783,838.7622153111157,417.6920584182848,2667.8849466190068,1067.3047390189154,305.7307992096745,88.69454362213057,108.49475223338054,0,256.65011751024076,72.05080079563493,6658.750242535087,big_sale,Sunday
2024-02-19,74712.21022712607,18.400631749364486,832.4595466894831,386.66979755225697,2588.958386134589,940.9821447085828,280.84873625458,102.70403570280541,82.76116013000953,0,262.0802650407596,75.7724780435849,6724.962797990402,big_sale,Monday
2024-02-20,98346.68267892001,25.64286891478038,773.537798032744,416.82851719418704,2214.9757362182395,1015.2739312434396,262.04726927697374,90.92468441852246,73.09251832685145,0,260.2746887431982,74.39003208498775,6770.296787044901,big_sale,Tuesday
2024-02-21,86843.67271502869,9.566139095433241,664.351096463357,433.62793445440184,2062.0693334313814,960.652865739536,210.00608614940023,97.9532944742832,91.65181635979849,0,267.1314965681687,73.40738531745127,7126.01560214981,big_sale,Wednesday
2024-02-22,88484.87759378052,14.5379484975883,762.5507504813348,395.6433236995067,1926.082994324902,992.216247043506,194.71872267091504,109.17724919587089,159.96620601953163,0,263.5165187153195,74.51445710437045,8975.923173997917,big_sale,Thursday
2024-02-23,51483.296252062806,26.50043523066647,708.2135875325604,262.39026364758166,1349.552662604515,728.8703031705362,375.40726141218965,89.2548141524785,113.96978661131644,0,139.42581653657652,12.23497190161536,5961.340584620077,other_sale,Friday
2024-02-24,39186.18025335409,13.431581382023259,791.0000523347823,247.95456142380803,1483.1466125668612,700.840804485924,370.5748695688144,74.8808663669564,117.01952621898276,0,142.30071318309606,7.97357054551636,6276.503126181739,bau,Saturday
2024-02-25,43780.25227010109,10.646014418593301,833.4666553831178,326.2689406933247,1591.6672561532582,835.2706121909123,306.9300849073469,69.97793985197721,106.5074128109225,0,124.47084913476904,11.561980527290888,6838.180290321686,bau,Sunday
2024-02-26,43323.52413396517,17.63764964018747,730.4638817345283,159.51340767381242,1545.4139692468693,772.6490413958536,361.0176985940342,88.76834243566543,112.94273017791923,0,142.8357842551923,12.282164244447568,5367.048902152333,bau,Monday
2024-02-27,41867.52603567232,10.213420141042565,791.0932903204782,166.53891926250444,1561.6378367915386,770.933665994863,298.6232617758184,91.86649397675738,123.57562303849424,0,139.32243872716145,10.49420142218577,3998.169960806257,bau,Tuesday
2024-02-28,38821.11353786981,11.829971434506316,792.1449083954992,208.54175721529688,1201.922694996103,853.0894083901815,223.3638621155726,100.64335852963139,115.86501307298553,0,504.4458446766896,150.04595759863165,4082.443839585778,other_sale,Wednesday
2024-02-29,59548.80046352892,13.136781220823021,829.3277836170307,157.22342279541192,1053.2568263639325,771.725784385291,149.05139488041834,149.7340418697056,152.5764525566505,0,493.5779484410995,147.59741416688667,3637.2371309437303,bau,Thursday
2024-03-01,38858.681778901424,9.366207521733859,655.3116987833669,189.88491551575353,902.3117691525385,761.4909229857808,165.81606690949198,94.93788825451644,162.2547035357396,0,274.64421250109007,76.33336156622256,3666.9699454586084,bau,Friday
2024-03-02,38986.64113378164,8.38492234565841,790.3037150595087,200.40016661419665,918.37571230197,691.7091703455715,213.4948486462352,66.61907996188957,167.36260583693988,0,88.50438957541088,11.446208960446455,3699.320061591009,bau,Saturday
2024-03-03,45174.531902742376,5.161155110086666,810.4261826395955,244.47350388877737,846.7659272106296,726.2477527788774,433.6218381801883,58.959533516781896,184.87976827756384,0,97.23988521897365,12.50016096507367,3975.352514354366,bau,Sunday
2024-03-04,35245.78237817335,14.024389587381714,715.9827498629335,228.78674876102414,849.9465016573816,735.3266660679441,315.2506800656929,90.91342743851726,175.4901629617615,0,88.05125659875695,10.985729834359441,3514.614977422457,bau,Monday
2024-03-05,0,21.200764347612044,705.297003004441,105.91118413370282,816.8816064010797,739.2987844531079,423.1736590150259,69.236854769734,141.0939381003322,0,95.07263925957336,14.196075938676255,3540.643939961821,bau,Tuesday
2024-03-06,115527.25325366201,13.939660332042628,873.5453463792963,282.27359258411144,2419.828383632384,1659.4429917068376,208.44800848352276,142.90934320992864,139.77951493549313,0,221.12216598832418,91.96534884069108,5022.189315688005,big_sale,Wednesday
2024-03-07,84939.58668742252,28.16307885220832,704.9407162709718,271.7860192116973,2216.951701776667,1631.7919695533787,236.77607762352517,138.66054826593975,103.4814742393004,0,218.75651564915012,92.48516961925547,5686.769400063891,big_sale,Thursday
2024-03-08,82460.19329057507,16.263144125368658,747.6396968665191,277.6608935889474,2310.4570404964543,1606.3765914161513,157.87064942536588,98.97109075341123,115.60008228754057,0,213.85333192827449,91.42667852944734,6144.968499065803,big_sale,Friday
2024-03-09,95286.56104373597,13.443374474781006,882.0479447658893,281.31856696944124,2268.8649178488135,1546.6182613942117,188.41306410493235,76.52328903307563,139.32697035567273,0,219.1303771085184,90.6813637793656,7737.405553738594,big_sale,Saturday
2024-03-10,99918.53813816946,9.988525965050389,850.9251479721938,249.77215483732493,2454.6206522122093,1751.642256975876,211.79149141792925,68.55652198846765,119.49433716111965,0,217.39775859861325,94.13169148409767,7435.898626333891,big_sale,Sunday
2024-03-11,81367.83441382884,13.878162338643419,769.7934735063168,339.135738021496,2448.83138031822,1749.534807544746,502.0889557737443,110.93658854397064,134.59355926721506,0,221.46231289096966,94.30896608814788,6900.8134702611405,big_sale,Monday
2024-03-12,93855.51036064092,21.37400763250887,722.9334416360665,391.4090434399013,2296.1050344763944,1650.4984352915358,963.2066158158469,156.39338273626183,110.32009914416767,0,213.54271260585014,91.38185456585074,7083.724097781522,big_sale,Tuesday
2024-03-13,96372.79870301024,25.37647337933808,746.0834207268879,357.3837501154109,1663.0362379763983,1971.2104319639304,818.6906251784911,132.74771206365415,96.75816072799074,0,214.27953472829662,91.37345907078135,7774.340864744511,big_sale,Wednesday
2024-03-14,91243.9273329004,26.823656499604347,732.4728457063989,385.53226793568894,772.3205442846123,2130.6835084963755,963.9155328590015,110.14990920740212,86.15439605472051,0,216.70176945809163,90.98854997450262,9887.847658689836,big_sale,Thursday
2024-03-15,104064.24267137541,16.86018180864846,843.6451485244321,450.53152143582054,875.0868399118284,2105.7735668341634,769.9565483719513,140.22895873522108,72.53857300074816,0,218.4664580653117,92.49542501945564,13817.969214602555,big_sale,Friday
2024-03-16,651095.2268220108,29.799571392619022,826.1101886588797,580.5850251069136,1002.3715891876014,2141.416671698953,620.8020766997307,123.35241865221515,67.81325666732614,0,218.17447049507766,90.8799638877165,13962.666846267979,big_sale,Saturday
2024-03-17,160338.74,17.091200538207534,491.89,464.9392306778712,1048.4862495656375,2268.4212417489757,729.3518529561604,70.76,74.48453898353945,0,213.46351029087594,93.81249888474969,14284.58421638338,big_sale,Sunday
2024-03-18,57169.83,22.593279029994818,279.65,494.35469213998255,703.0903826286903,1087.008331819202,548.2337606890331,43.16,99.97634708251115,0,75.72339344175025,14.479602339253415,6801.43447690398,bau,Monday
2024-03-19,34245.44,22.346143445071107,260.79,505.8865883906628,572.1002751042082,853.0967605728558,486.3414852678319,51.44,171.98127685924516,0,78.73669638109187,13.973204898477109,5937.589237693777,bau,Tuesday
2024-03-20,30073.08,25.38484823511152,308.74,623.7779690509233,575.7955353403023,855.3924306913848,334.74531511694806,37.11,174.65611224169095,0,85.1584026875462,14.10778904040583,4551.6478212875045,other_sale,Wednesday
2024-03-21,29828.21,22.747332101626192,243.14,453.6592579740345,671.0068589514817,861.562515076206,362.02538534728353,24.84,166.92013449756465,0,79.31905771327507,15.27981606235822,4331.312764300989,bau,Thursday
2024-03-22,26405.94,22.187251878237493,206.73,401.3004011496242,621.4608352674812,858.417649644434,395.496917986878,21.91,109.28031234082862,0,83.77945210520481,13.114887472692732,3535.0071103206533,bau,Friday
2024-03-23,23000.71,14.65311795016206,219.33,382.0792062590881,658.3978651655766,874.0772390712611,360.23610669710814,18.5,100.25157091864422,0,75.19409692073658,14.539268220985356,3830.86847463711,bau,Saturday
2024-03-24,20898.55,11.718263635888352,195.92,377.472807991001,798.3015257812986,947.1340309259804,173.23493667617106,11.24,61.035165633068054,0,84.75814121145132,7.93311506809872,3097.015600073353,bau,Sunday
2024-03-25,18380.93,16.750535685009165,174.12,298.41029227410337,663.2774594645987,958.5740642718142,199.933824845603,42.68,82.29612004100387,0,79.0977416418022,11.914597481009018,3153.0431159755863,bau,Monday
2024-03-26,19223.76,18.234356540750582,180.19,274.98492746741147,708.6921849436058,934.4493111282114,205.63071918033808,17.77,103.36449420787946,0,77.65590031121734,14.188943681112873,3371.051847341866,bau,Tuesday
2024-03-27,16888.33,27.868900115398247,133.87,211.22431860676443,714.6096094660381,931.2426568254721,375.85513410146183,23.63,124.44913139215073,0,80.82243404695528,15.216377248248723,2668.3700914969086,other_sale,Wednesday
2024-03-28,16724.71,17.20225108048397,120.67,297.93945515013587,670.2017279365865,930.4233425854613,751.6944026164119,13.15,97.59412460806757,0,82.13361670455474,11.816602905383023,2787.9718922100924,bau,Thursday
2024-03-29,17022.11,21.21091202549883,97.18,235.71471874468438,651.2290856559089,956.9745057296793,425.98338552715256,14.43,75.23914670178806,0,81.9609875299828,13.68399597474112,2924.884685455636,bau,Friday
2024-03-30,15521.98,12.078579653271758,139.65,221.1227111370217,721.0764230197944,827.3843730900162,285.0037795317915,2.39,67.3573670049006,0,83.86033897255228,10.386505317432087,2902.2920976391947,bau,Saturday
2024-03-31,12653.58,9.71974103215661,101.83,180.2058725586982,728.504508299706,962.6589419681727,223.44325760913432,1.67,38.72090999270524,0,87.85169512381955,10.13014515499167,2389.8516818682097,bau,Sunday
2024-04-01,15563.91,12.98153231459738,141.4,343.4054431232577,728.0540018965933,972.9854602522198,203.49197268024804,19.2,72.3375496332114,0,67.43136944762043,14.889935655105525,2575.1834730067585,bau,Monday
2024-04-02,13730.6,13.285802767812925,79.94,194.2936455377152,659.726329708171,932.2467714408501,219.2899143216591,8.04,144.02963209974337,0,70.98201353205137,12.016292618659818,2879.432461816229,bau,Tuesday
2024-04-03,15983.22,10.507793096309475,108.11,305.38982356808503,816.26961160678,902.0184803692796,158.4272958393763,15.94,138.4627772932847,0,78.32710664878304,14.408872837844639,3218.297412187406,bau,Wednesday
2024-04-04,17061.36,11.541912945719517,103.51,274.7433750852254,1179.258608665425,916.8338961184737,112.09881656892546,13.14,110.99543640343737,0,66.72917385749453,10.723191844243814,3434.9414074296574,other_sale,Thursday
2024-04-05,16792.42,17.09945637810204,60.54,354.2484491625661,1272.3410619990752,1081.9035070208754,110.83329453333644,9.57,116.12010771594515,0,73.24725464860414,12.993514212471633,3070.2164893725408,bau,Friday
2024-04-06,12207.68,11.920568703186497,78.86,262.38542118297323,1211.4769330488125,1161.519673216092,89.56821919039626,6.24,96.06614748002598,0,75.76470751790967,17.549800281449365,3380.7926571340304,bau,Saturday
2024-04-07,14324.78,12.68430633004428,78.28,531.9287561080808,1314.5028540868632,1300.967171050524,86.93988610486751,3.15,145.80331267160383,0,74.16866989809418,12.364450383585735,3950.8288185806095,bau,Sunday
2024-04-08,11095.84,20.661985583025356,56.33,1142.689428858577,1245.1762785428698,1248.2412133505172,108.16117395370244,11.95,141.7382367377505,0,63.03048627789228,12.921336949290033,3438.395944768794,bau,Monday
2024-04-09,12075.11,19.184643539995964,75.42,1118.6699372091664,1231.8601573167234,1232.8910319041895,112.37877277540541,12.48,192.07949348048356,0,62.134469556005925,14.467380014591953,3623.8808219883026,bau,Tuesday
2024-04-10,12473.41,16.97986889216546,54.89,694.1359391612142,1219.5010810919484,1186.6053302043886,66.22980567509532,1.82,122.48920897167405,0,62.49926292347074,13.976851326653954,3597.079860372813,other_sale,Wednesday
2024-04-11,11755.83,13.250537895534412,78.4,828.7279117762592,1172.2005046899214,1225.647374830788,108.42524576941295,11.45,143.05007113324763,0,72.22866037473534,14.04473976642456,3375.270114678256,bau,Thursday
2024-04-12,14669.87,16.042597625091446,53.65,828.0248935040305,2961.687662794453,1018.6459369444008,136.01714231566754,10.41,124.06624661073668,0,139.98653957502992,60.324487978184514,3614.9629542973316,big_sale,Friday
2024-04-13,14266.78,11.660919633889009,23.09,841.7053571743313,3204.511857047864,1049.5078057013263,123.8529607755781,0,122.6767461291882,0,140.66854254808052,64.95965845142634,4359.758242234513,big_sale,Saturday
2024-04-14,15126.65,6.697474895977669,31.23,889.5439121524051,3500.0296166249736,1172.855436127487,60.34622597879769,8.23,100.51568163828172,0,142.83767669451942,61.53166645423748,8823.823407873879,big_sale,Sunday
2024-04-15,13981.25,19.169375560261308,43.13,756.6537869633394,3131.931611185734,1223.0635829285072,89.15242344284572,7.88,118.32089742179815,0,139.9076151957061,65.31582018577305,6310.41023848789,big_sale,Monday
2024-04-16,12785.06,11.793897490013235,36.3,643.4060084105256,2756.835408322767,1259.4618336760402,125.66468331592864,7.36,174.751456988238,0,139.78929096645655,59.131702731368556,6354.960424326853,big_sale,Tuesday
2024-04-17,13073.9,12.430835541657698,30.25,589.9446171314858,2856.499185397876,1334.5034625403823,130.22426782088655,6.06,172.1186772619026,0,139.01286837791537,61.29195171243056,6807.093743322821,other_sale,Wednesday
2024-04-18,13539.76,10.032269158243933,38.88,566.8650192362308,2770.3005477786523,1332.0028016010215,141.08660483887516,8.15,107.87472737981196,0,146.42220121316558,61.04183621822055,8399.197948177374,big_sale,Thursday
2024-04-19,13904.45,9.454792763333888,24.93,478.17394482448583,2800.156047220134,1319.2872482678056,197.31223070141382,2.52,89.01812813303506,0,136.00475462246482,64.78880016833925,7971.224038393375,big_sale,Friday
2024-04-20,13609.31,7.170875341577895,24.98,372.6735767530471,2756.3432508118035,1357.722187633495,154.93025714182323,2.18,88.09404319730342,0,143.73727740977284,65.46460441159337,8159.344197728102,big_sale,Saturday
2024-04-21,18001.97,12.004911190455314,30.44,542.7784308578367,2762.484624789986,1478.8591962550543,181.66209905118941,4.93,77.99143749619388,0,137.7462237352667,61.27176897008843,8930.270723735712,big_sale,Sunday
2024-04-22,8578.07,35.126384483537485,25.25,279.35833302994644,1778.2733679725818,1161.4559918489122,228.3745602083422,2.89,70.31737658395583,0,75.69229767549852,15.591047894028865,5740.846394432832,bau,Monday
2024-04-23,8536.4,20.488062488788653,23,260.0167000765189,1551.6556942280781,1045.4305994114566,232.96778629091244,2.72,64.88654977907976,0,81.80356071978919,9.696996899571278,4404.766037514784,bau,Tuesday
2024-04-24,6854.6,14.918948493017265,26.81,323.3519786709795,1436.1967549524377,1070.976545050017,244.69487224208692,4.49,78.86208696568265,0,82.09198926948301,14.229339833754757,3732.8412074906746,bau,Wednesday
2024-04-25,6115.62,8.408770100723538,24.31,285.3103513431877,1468.3929550639361,1011.0168010545319,240.83060782844026,2.75,71.16886988816908,0,80.32984846779587,11.423540020115729,3548.3498773060596,bau,Thursday
2024-04-26,6799.27,19.390794397856386,28.03,218.36659691860018,1568.1877052291363,1037.7813585174288,198.59681863908463,1.91,58.98587158308078,0,77.26794185454557,12.705174786428458,3333.624557787357,bau,Friday
2024-04-27,5935.88,12.184318249584353,17.09,265.63465638880734,1541.8003160434084,1098.6268329143713,158.69027185547287,0.22,42.686016383167754,0,85.31924514497052,8.024673932810106,3460.109969369817,bau,Saturday
2024-04-28,6086.71,13.638901260409002,17.12,282.0397768972182,1555.6898082345938,1192.7262604243151,159.84430477083595,1.72,62.95872140259275,0,83.13888405662081,12.478553124257246,3215.4256649168597,bau,Sunday
2024-04-29,4964.97,13.64273501700132,17.41,240.14374927388334,1482.2995738144282,1151.6025001477274,174.36426439453228,3.25,78.09567656707713,0,77.02296497422657,13.693763378411138,2915.094319466347,bau,Monday
2024-04-30,4988.83,14.615291990082735,18.93,264.1205318167186,1464.316355749961,1045.3481213260961,190.83956677247195,2.31,75.20040959630518,0,74.78227288641493,10.962489961801499,3273.8211070003913,bau,Tuesday
2024-05-01,4958.63,19.29319437999259,21.7,313.6771693363646,1320.9839346352564,946.5336776478497,235.57931783592565,1.89,120.34128399992252,0,80.35016127806222,13.006306501892482,2955.365623773582,bau,Wednesday
2024-05-02,4991.78,16.740828978751612,16.39,311.7733540111317,1215.551403680199,995.7285694806102,183.93379228435973,2.17,131.04712782382833,0,84.347898633839,12.2863150750514,2929.8326060850977,bau,Thursday
2024-05-03,5680.99,21.595862326550357,11.26,355.9476848643532,1309.064184658714,960.2475095258898,252.0053620870673,1.18,146.04016865019761,0,88.18125989972074,14.133534950965544,2702.858646525239,bau,Friday
2024-05-04,4246.42,8.358472738620335,19.05,390.07843652021756,1212.9582854954037,1008.0920267740481,249.14588191615275,1.74,79.4854199094183,0,82.89320024435318,11.058947139089536,3140.8226284349703,bau,Saturday
2024-05-05,4781.72,13.285137045714379,13.4,450.8456635094822,1323.7850197129274,1038.2751710602433,358.89282894176836,0.86,57.27694680456553,0,84.09615602687106,13.34732325689403,2919.3969172142474,bau,Sunday
2024-05-06,3880.22,40.84559284925109,17.41,355.221921149279,1214.85263536067,1033.87474874423,268.94738225837847,2.01,68.42229994674233,0,72.02697819495737,9.573899763088525,2912.8394134858277,bau,Monday
2024-05-07,4034.06,42.565110713804295,10.75,339.7282370328036,1231.3015836264576,1016.6653643448652,323.04594269167706,1.76,54.08002479485964,0,78.47860658777924,10.999802611188555,2753.0479224415326,bau,Tuesday
2024-05-08,3021.06,35.36673010507277,10.1,339.5835241485189,1261.7368063024478,963.3224594820481,367.3792567746389,1.27,83.96301911272731,0,72.06690936525995,10.385307386291762,2490.194975667245,bau,Wednesday
2024-05-09,3193.33,22.48831719921267,10.91,281.8573503634954,1121.5382390762206,1259.8988067117741,222.03789569465914,0.75,50.69244616141341,0,76.15171232446735,14.84518457581699,2833.825394380936,bau,Thursday
2024-05-10,2860.25,19.605616870762024,9.88,257.9651962405137,1070.6764144883157,1175.281666856008,137.40668692235622,1.4,50.39454322524116,0,72.67113705582022,10.518880859994557,2531.27329860275,bau,Friday
2024-05-11,2132.92,13.57556429886359,9.03,305.82434864170676,1024.8175335304509,1091.5419554751256,123.72764340663676,0,54.89795863320545,0,73.41856540286398,12.712543426877275,2356.7552689876243,bau,Saturday
2024-05-12,2640.4,12.523596667460913,7.03,255.54698329019195,1171.1206447695724,1184.4832614259149,110.13773604917003,0.71,43.844413604065366,0,76.24461379361783,11.0783705902709,2315.659420380696,bau,Sunday
2024-05-13,2142.37,18.73805703990498,10.49,325.53843668937435,1022.6059946925419,1154.3998079961261,144.41475563364185,1.08,94.93762584748671,0,82.26649045006403,13.978815299578816,2947.62615775622,bau,Monday
2024-05-14,2750.05,30.310349677141854,7.21,364.0284957831402,955.0478129653632,1100.5694025504588,182.67348956505143,0.79,86.39458337197159,0,75.33121220655204,16.102771849119737,3062.400019454986,bau,Tuesday
2024-05-15,2476.61,32.92758785282691,9.23,328.2318034283503,982.4804370766511,1113.8904615698152,196.19836104366712,0.79,70.38192524122864,0,66.13729668137411,14.855535754249866,3073.928016881326,bau,Wednesday
2024-05-16,2468.61,24.581616450907248,5.31,327.21524878719924,994.8136708582878,1109.9414266818378,160.07417840477504,1.13,98.40868669318179,0,77.90064222083019,16.15149633184847,3963.983737321029,bau,Thursday
2024-05-17,9929.69,38.2247120450945,12.31,1194.4942735059376,2263.246262663173,1529.7610678953201,322.7027265611572,1.39,90.01276565810403,0,114.97066432628915,59.34992212908896,4810.795299419537,bau,Friday
2024-05-18,7242.79,31.06054442567767,7.89,1433.8584461903267,2352.7060838781613,1601.9143124371856,555.4131537318679,0.7,91.38208839025116,0,113.0575697953049,63.8639742673802,5085.208323188847,bau,Saturday
2024-05-19,6645.46,23.32688354467068,8.33,1388.992480069681,2524.4602920503926,1698.98336127435,1650.8879220835568,1.32,95.84478632950734,0,107.95424254278221,58.70451038570007,5738.91427714035,bau,Sunday
2024-05-20,6409.71,32.491073450606436,7.7,1224.0312248705372,2563.370814267466,1733.3970163359152,1699.5868125499808,1,195.83046838999405,0,125.5915706436665,62.56587253454552,4939.42625678684,bau,Monday
2024-05-21,5182.34,68.42622723988384,6.23,1009.6229187137952,2476.4249304470036,1692.4192657398085,1362.3436104532018,1.32,285.90689369800623,0,108.42413349720407,58.113521556557664,4961.173134083723,bau,Tuesday
2024-05-22,4847.23,83.38576906868546,7.18,1023.4100832384386,2241.5718009935645,1650.5546509548176,485.8700497774013,1.47,252.74099100743035,0,116.00984537854279,56.02471833832797,4615.973435341696,bau,Wednesday
2024-05-23,4369.8,52.893795630684934,5.69,763.1602256100075,2251.4194455040674,1643.118078850335,238.52205873513265,0.33,208.1608841034157,0,125.47941380798554,55.92058020105346,3673.401377091991,bau,Thursday
2024-05-24,3678.03,42.36724726028521,4.99,978.5425998426529,2345.075688227779,1601.8780629224007,302.4090395394823,0.99,234.69553629635064,0,118.95704137945762,57.763394906783404,3737.802643044173,bau,Friday
2024-05-25,3224.5,34.14332418453799,4.15,1244.1757324942423,2355.8134477485055,1652.29864414629,329.8755720961979,0.15,130.90891176345667,0,123.5925706831288,62.121504046527406,3451.6442879873716,bau,Saturday
2024-05-26,4143.2,45.06910969555991,5.78,1041.9641174499213,2503.819040483621,1765.393844989232,477.0461973900133,0.47,120.35176357432383,0,116.95325734092225,63.130441693613896,4033.863884370554,bau,Sunday
2024-05-27,5169.17,50.003939724951266,5.32,867.9273059679107,2444.294225574669,1714.9553895453296,547.0066114068381,0.71,125.26684682629362,0,125.34405950936055,59.9494277004534,4533.422784993363,bau,Monday
2024-05-28,1458.41,55.242343393595846,3.04,436.2013549026889,1272.422388628727,1015.7779429261543,380.71586513634116,0.4,154.49837677909633,0,76.647598051557,16.084291235748097,2469.379212342295,bau,Tuesday
2024-05-29,1139.29,53.075475405657144,3.24,374.32074416007407,953.5797906313862,907.8246810786601,213.0581973931188,0.15,184.45959166721664,0,73.93525771397704,11.3638121248301,1635.431463101791,bau,Wednesday
2024-05-30,986.32,37.26385850478993,1.96,339.42695665703746,947.1937096861186,911.3978791279259,230.44113856546602,0.36,203.01560620329968,0,77.81835737790118,11.22953662250675,1596.0918496394129,bau,Thursday
2024-05-31,1079.05,38.921331123514726,2.14,282.8057625792753,916.8234689310447,927.8074156678592,200.38949956498627,0.28,142.64922532221658,0,80.75275138056058,10.778215041396118,1484.0378997930277,bau,Friday
2024-06-01,778.87,28.162943268470542,2,231.24144650037505,942.8045656794764,922.6739194827562,182.5235636522231,0.09,178.74650884588206,0,61.87974258512803,12.00196914219648,1775.5589872654655,bau,Saturday
2024-06-02,1133.54,42.00009209466129,2.84,301.2753143666599,1072.6103049268295,967.4756416129019,185.70345476587653,0.38,133.24307123306522,0,71.90578156978245,10.720626458711047,2190.7416805702874,bau,Sunday
2024-06-03,892.54,53.88854853433372,1.99,265.8348024158613,978.1632865676286,930.6809931927174,222.0425959300009,0.17,127.46301489390756,0,72.20447654383909,11.537767454289376,1887.3027077637232,bau,Monday
2024-06-04,918.22,74.25145364948253,1.88,158.09069932469168,752.3651312543898,848.3929001564186,167.17909682443366,0.18,130.4772430930214,0,79.19419569439052,13.410639101475844,1621.2228589795513,bau,Tuesday
2024-06-05,853.82,62.61458354818993,1.78,245.26220891582528,830.1473400948854,867.833559315449,158.6053699912871,0.21,129.34715555990536,0,77.98511585442591,8.091448015933997,1577.1805941929576,bau,Wednesday
2024-06-06,876.15,48.22624081726353,1.41,170.69052866886875,917.5325003434389,805.7780499986329,142.13295734033463,0.2,102.4061046096077,0,82.46922805430272,10.982816481241153,1062.7296332584615,bau,Thursday
2024-06-07,1336.69,101.89035200359677,2.25,360.183047091804,1514.0090681404595,881.6058064115704,158.61341036021213,0.31,119.54350679394184,0,117.38585950015185,61.69349319232348,1546.0448708399608,bau,Friday
2024-06-08,1063.26,122.99856678897108,1.83,381.8631853998829,1417.7185016877713,867.6251954347341,279.9790478925222,0.29,84.13970122449635,0,109.48889605754071,63.15529955937032,2171.0276476801473,bau,Saturday
2024-06-09,1215.73,120.55709096977401,1.91,432.0509477839013,1519.095315917168,976.9401743729566,187.06325819781523,0.17,78.97603130709697,0,116.27054686730808,63.617617329084325,3037.5424672850427,bau,Sunday
2024-06-10,1073.13,141.73994730920703,1.43,445.0375644948734,1503.0520298830024,917.8832600140821,240.06517937257146,0.26,168.6153047744421,0,111.73352750991982,65.8257644121294,2958.004260535933,bau,Monday
2024-06-11,1072.6,156.30008519779724,1.4,356.7750496356515,1860.7479302650738,1215.3830208143845,175.11856029593142,0.41,148.2033107143074,0,115.71946803406468,61.487364525658315,3418.0103069056486,bau,Tuesday
2024-06-12,1037.36,110.29413695896038,1.43,281.38260249937514,1771.0417352860902,1307.774579276854,178.25748028408492,0.14,154.70998388317614,0,118.75052484389815,63.303552046047066,3569.197639859206,bau,Wednesday
2024-06-13,995.86,89.9168345717429,1.06,186.64585848825612,1584.5263727371182,1274.156027619963,161.08419383268708,0.19,219.45954896523614,0,114.28620513251619,62.53230157204576,3163.0802536413576,bau,Thursday
2024-06-14,973.25,83.34823980882265,1.27,273.14607494633935,1527.1191188078858,1296.285493816879,140.0526332377919,0.18,167.92049983597988,0,133.13768544902396,66.10999015070641,3443.897034944574,bau,Friday
2024-06-15,837.83,68.68941841608509,0.84,226.33648883602922,1741.8896608062778,1196.8244699183983,74.82514687645431,0.02,94.66683638885992,0,114.784396741174,68.9826423746064,3954.798776375116,bau,Saturday
2024-06-16,1114.44,58.147666115593324,0.98,323.1963508556333,1723.3866502914884,1479.187470407199,83.20292618673011,0.14,87.33614223857904,0,123.060122410729,67.58434636580397,6066.461717467155,bau,Sunday
2024-06-17,1434.93,86.83794605326399,1.37,382.1811249750302,1512.079905196898,1257.0523981800002,104.79236419197356,0.45,145.59807824844603,0,118.21635583622883,66.18349001017381,7287.031939250865,bau,Monday
2024-06-18,681.92,112.00833188861583,0.88,148.36116671980042,988.6292233261726,696.3437369645974,100.39371740993418,0.08,150.3894743147556,0,84.62105450378237,11.86112664334655,4136.233858143772,bau,Tuesday
2024-06-19,573.86,44.00064873481963,1.24,139.4344661888538,990.4144615394869,630.1326673881632,66.8822365676365,0,126.37058062794571,0,90.64438323633881,15.512235588123172,3069.295057625745,bau,Wednesday
2024-06-20,502.48,74.42037126864388,1.05,99.71005302458526,1019.4240093740784,647.9834310368163,48.00532910027885,0.11,115.35600935864846,0,28.833058874877246,7.8764950471560375,2479.058572918787,bau,Thursday
2024-06-21,427.61,67.75844248098907,0.81,97.50502306825668,1554.1867131187407,564.5123161954083,20.372095386082652,0.09,75.00769815087232,0,0,0,1913.165849485548,bau,Friday
2024-06-22,381.82,54.01296412011891,0.71,95.98880734845451,1755.3113955232302,530.1018144330872,46.518074813016725,0.05,88.5560501294718,0,0,0,1995.4008489908804,bau,Saturday
2024-06-23,367.68,53.23965298329465,0.79,94.98623005902809,1976.404457516535,590.7470619998974,57.61056650862853,0.06,155.4158952970675,0,0,0,1708.0451021452732,bau,Sunday
2024-06-24,345.16,53.40447693953191,0.74,172.4973941187149,1911.199139226414,570.4724433827565,84.9528679460642,0.12,140.36301575398986,0,85.94084349121408,0,1428.78074823341,bau,Monday
2024-06-25,517.83,76.72861142103102,0.79,199.45902224479838,1987.8686820930225,568.4462009786924,112.04342681590286,0.14,90.14972687141986,0,135.32417001397823,25.534682230320776,1316.0540083782394,bau,Tuesday
2024-06-26,395.36,80.74293109264383,0.77,185.82579511715664,1231.7748741552336,603.2090950696711,241.47753553398195,0.04,109.23518825251064,0,127.43192073516974,22.608836731596284,1695.0022642408428,bau,Wednesday
2024-06-27,366.87,85.18604621722955,0.53,164.3230021029741,886.5858209719761,562.2618757888888,301.7987851170664,0.07,90.6904385309721,0,114.63167593629348,18.477323710692197,1956.6433706680034,bau,Thursday
2024-06-28,354.62,92.37413059069559,0.53,193.2146996309914,871.0655872406543,562.3318636675307,469.19464071401603,0.05,52.778466479992396,0,123.54831340576932,14.162092569630635,2729.327427389171,bau,Friday
2024-06-29,426.12,55.362140911224955,0.44,240.93037702839527,909.3213625568894,542.3119055974648,679.1530755181424,0.01,65.89588315945983,0,125.66303019446829,14.608102037051992,3928.977310697519,bau,Saturday
2024-06-30,596.27,149.57758510582119,0.87,387.49400509483706,1216.171860638665,595.6525464709854,805.3693960114728,0.1,75.98755085303085,0,114.54087441301479,66.58169117783139,5780.125336702728,bau,Sunday
2024-07-01,639.08,187.62300564920542,0.61,369.3338248499084,1060.1594058986016,506.19126255130766,1611.3843961699076,0.09,129.80103598725105,0,108.92810276261116,59.689854086875584,5626.533444515916,holiday_sale,Monday
2024-07-02,683.32,116.15265967018223,0.62,345.4865247198223,1109.8034395585175,525.5903111665681,1107.2286411000825,0.1,92.97037129697476,0,97.48520459040468,61.796528225880834,4448.198931797246,holiday_sale,Tuesday
2024-07-03,828.93,19.48336343000867,0.57,432.0265969284076,1262.2755891672662,523.5251618235698,101.59873541032817,0.07,54.57756809116361,0,128.23414301088474,75.06304047640712,2753.0695941568565,holiday_sale,Wednesday
2024-07-04,867.79,92.03526393858266,0.5,497.6795825904201,1244.5873074488707,522.0467323316534,77.51732437783511,0.05,37.52591865293469,0,133.7231480250648,78.25089586886126,2915.7765639111035,holiday_sale,Thursday
2024-07-05,665.94,91.06602704775536,0.54,625.8296448022564,1212.639411642863,555.5512011522554,94.32789667883259,0.06,43.07255897542508,0,127.5566726550693,78.54395220142875,3868.5181662484947,holiday_sale,Friday
2024-07-06,623.83,93.2199092288572,0.41,740.5669230581891,1372.3758294151135,524.1628465656402,142.07803230329603,0.01,36.19135816421106,0,134.57479385362967,76.31762627410944,4544.896575208068,holiday_sale,Saturday
2024-07-07,693.91,96.53376286869832,0.41,1051.915852855549,1283.7351979368084,547.936098780024,116.88738374207904,0.02,66.05182210768015,0,133.630941164418,80.62186494471752,5586.908059462546,holiday_sale,Sunday
2024-07-08,309.01,97.44596638997352,0.35,462.2158202554106,724.5539317758684,244.93931543120732,112.92590326179196,0.05,47.80122581216563,0,96.90533390306953,13.935616119715583,2934.9903693904207,bau,Monday
2024-07-09,196.52,95.03550631149447,0.25,233.2937858013326,639.0422799802104,219.41113543681462,123.86303686110922,0.04,54.07520512204231,0,95.14827217707139,13.362663282466634,2920.505441071907,bau,Tuesday
2024-07-10,211.99,87.79600685445854,0.22,285.17290377579326,694.4860831735801,186.1783106740403,129.60091715935806,0.01,105.31489759073972,0,100.1354287373995,11.81052441430924,2752.0414739543476,bau,Wednesday
2024-07-11,176.81,90.61539203111924,0.29,355.9653128986369,672.5811216412701,192.90770539913058,115.85190566924474,0.02,67.5226217492655,0,103.25408448792629,16.231963170712355,2298.920627246817,bau,Thursday
2024-07-12,195.43,52.13407225096062,0.23,317.3684825644894,651.5553979138717,217.22369330683713,91.1841343196803,0.03,67.18281865615499,0,101.6384928718116,11.462250032441881,2037.2334984161546,bau,Friday
2024-07-13,176.06,67.48170820511241,0.23,193.708909646701,651.3724863909288,221.66995335913538,108.4281037788884,0,42.61361843185159,0,93.19955741410064,14.101905883914672,2471.932889663781,bau,Saturday
2024-07-14,176.26,46.284695393271186,0.21,223.9123141940088,656.6505313305375,192.71332097550254,136.29401199926522,0.02,53.40140029028513,0,90.27697446942176,11.98686409678384,2502.0769763415483,bau,Sunday
2024-07-15,147.6,80.30512009080732,0.25,195.01855393046392,659.1475184276046,172.87412668480115,80.76590240656597,0.02,58.32562158154191,0,97.25305187868351,10.012632640589562,1586.9996924619577,bau,Monday
2024-07-16,144.37,105.76714524205202,0.22,226.1918454045092,694.5770185971232,222.54134461166285,88.17394793048396,0.02,38.29384732730861,0,95.41153421807286,17.177169185190383,1416.063750277891,other_sale,Tuesday
2024-07-17,107.82,82.01346480700921,0.17,202.66735553537936,564.2175430805842,173.73071838237354,95.55687626430785,0.02,49.973097254678756,0,89.83689105287047,12.107640738799905,1330.4235559292922,other_sale,Wednesday
2024-07-18,363.54,195.43665000936687,0.23,476.74242369541554,846.6387341641059,206.7831638814556,265.88987416627793,0.04,28.960444709064895,0,145.95114107163076,72.0603112204232,1809.450974312866,other_sale,Thursday
2024-07-19,342.71,230.6190013420021,0.17,602.4192943068077,932.1920596532983,203.67275817023753,380.3174765893451,0.01,21.731745707680464,0,143.28813511306353,74.68755691829418,2957.8230580292143,other_sale,Friday
2024-07-20,389.94,158.54084419140952,0.16,626.6532202038193,1244.9356189550972,173.30129031294638,580.8142133941785,0.02,26.75165360646611,0,142.9655757240207,72.08015194180828,3991.6033383416116,other_sale,Saturday
2024-07-21,324.9,123.66698340504608,0.18,464.3740743540408,1259.7499750629743,189.59092409817055,535.6199216359013,0.01,32.500941490269184,0,141.56893919807857,72.46678063563459,4948.4837103544905,other_sale,Sunday
2024-07-22,342,190.5762814507869,0.14,614.0247604385992,994.7036148361823,220.29343740549234,1439.1756842389354,0.04,42.3064790975557,0,140.64935714719377,68.91127155234491,6067.615178684589,other_sale,Monday
2024-07-23,333.12,94.6508911511443,0.15,600.2297720204024,829.6348284854325,266.62722618935493,403.84562234141265,0.01,63.95962399176967,0,138.5616128413115,72.62632814462933,4676.79401694307,other_sale,Tuesday
2024-07-24,284.72,98.12632337302728,0.12,728.0100401595042,896.846279519092,315.81568654342186,422.1932750396004,0.02,82.25896613095188,0,144.9364966746341,71.97687969760518,4479.495125526551,other_sale,Wednesday
2024-07-25,249.5,92.41526014920976,0.14,644.6754037812445,936.8263824833524,247.1280450987893,379.4726998431785,0.02,59.27414343994497,0,141.94706343685803,78.41009247176338,4821.276374365833,other_sale,Thursday
2024-07-26,242.44,90.03712806308482,0.12,451.89792475974735,900.8037277084084,266.8651381705623,383.0774196853819,0.01,94.87633772976761,0,145.0714839179283,75.37341394586413,4640.065309241191,other_sale,Friday
2024-07-27,253.89,91.2702807701261,0.08,639.7385329419653,1035.735474322532,273.09398889818425,392.13257194141755,0,49.72501600916157,0,151.06545029134253,74.42754837337623,4284.534839982874,other_sale,Saturday
2024-07-28,261.05,91.1239510141811,0.1,719.8354892605116,1052.3796580634976,331.261997355873,388.59763715042067,0.01,54.04086212806554,0,143.50208043080823,80.68571963599406,4820.801464827152,other_sale,Sunday
2024-07-29,261.39,88.05579950017263,0.12,691.564539870114,972.4906464106615,299.5156230374745,387.9367443126862,0.02,73.84210736654526,0,143.15378701349832,78.09673624221736,3890.036921226405,other_sale,Monday
2024-07-30,143.41,10.801266327718842,0.1,113.50176678241088,564.2842060918841,198.72421185816182,231.65267608713643,0,68.67221924658983,0,98.23065615852369,13.095612605989242,1798.5891020269676,bau,Tuesday
2024-07-31,81.61,10.439160808945985,0.07,109.32397757814589,510.9136680103364,146.90094465317728,184.24374954403555,0.01,32.081423716877424,0,102.64266453968295,11.065630159136566,1733.432900019804,bau,Wednesday
2024-08-01,89.87,14.336815127785107,0.07,195.17179508390956,574.4274153603269,152.81781266350777,169.20135351431745,0.01,54.77914089247099,0,92.41301205534238,13.771223976549768,1805.9892854640111,bau,Thursday
2024-08-02,81.04,14.284285979012427,0.06,202.5436517934896,513.2413968177996,187.02135053331563,231.31063857747432,0.01,66.4452420778664,0,101.68644029091367,9.719410014520228,1739.5913571657522,bau,Friday
2024-08-03,69.56,14.074013464937089,0.08,125.15205978486522,569.3747096208974,185.8372034721548,137.43922705035644,0,81.77019331106318,0,94.48249271664163,10.911620991643591,1828.0187350987387,bau,Saturday
2024-08-04,85.96,8.268137756788644,0.08,188.9017496462879,543.290459337791,219.7940624591497,150.57276374789004,0.01,55.12655886456141,0,90.27600186117735,8.941079140274494,1990.7271704819339,bau,Sunday
2024-08-05,67.09,10.938529515871915,0.05,109.88372555912048,523.5861039224912,265.5911792307227,137.51256156252558,0.01,57.9121859451801,0,93.96029189338215,14.521672372883028,1694.3926162258222,bau,Monday
2024-08-06,70.07,15.881194977371521,0.05,134.59771170339206,516.7476679692902,206.83702509002478,162.21212468451466,0.01,49.41584178038667,0,94.68116648634704,12.01973508716027,1762.0615829708033,bau,Tuesday
2024-08-07,80,80.76010663008788,0.05,235.17183116367082,690.7530043825853,204.69357922737922,102.67239315505829,0,59.990980399233514,0,97.40699953554908,13.714753771135163,2159.553792114317,bau,Wednesday
2024-08-08,66.24,95.07796397488542,0.06,250.96485706880426,661.0509090282751,210.81517316027316,113.95323005161946,0,51.78440564028389,0,90.47837866396979,16.73113298209291,2597.757356969278,bau,Thursday
2024-08-09,154.13,179.00645735017807,0.06,319.6262197610811,882.4498330656593,244.91200124574286,126.61548991093088,0.01,64.05418898777054,0,136.79072795003327,65.997583971271,3164.78129037329,big_sale,Friday
2024-08-10,135.56,148.22415779931254,0.04,458.60631683704474,1090.0032863719566,264.3793173879316,163.2287054156846,0,61.93718900467731,0,138.63681145008596,68.77012189677451,4538.40970499779,big_sale,Saturday
2024-08-11,146.64,124.35718313003562,0.05,486.8146423174351,1084.6812791380312,283.2084779007752,157.55653865634218,0,66.0345371643325,0,140.27441083619505,69.26045795915472,5124.8059740830995,big_sale,Sunday
2024-08-12,115.38,193.58706447646512,0.04,407.3680212023586,1008.5030398712688,294.2669855707975,193.06962771067685,0.01,77.85108476832458,0,141.786925795689,72.20553626531613,5022.389361570314,big_sale,Monday
2024-08-13,114.88,196.8053135415216,0.04,447.97651461420196,1014.4794735565167,306.4462213266745,273.9813764064578,0,83.63213173303598,0,144.13631386200632,68.36663762757371,5398.191629028983,big_sale,Tuesday
2024-08-14,115.3,118.38452715087884,0.04,508.97488892887657,962.0355195257936,292.0599813970523,415.81324749078686,0.01,78.4757659533823,0,137.3309305390621,68.05240502175778,4998.136022630459,big_sale,Wednesday
2024-08-15,138.05,128.02742115029926,0.04,621.3532274915718,979.5558231108005,300.3204175323372,526.1220225748397,0,68.11985956043662,0,140.49483310888516,65.7521818696149,5576.014623119341,big_sale,Thursday
2024-08-16,173.47,103.30830161752105,0.03,724.2505781498188,1256.566806078578,304.9519859133082,391.35586444961774,0.01,52.953119457645094,0,148.71317237616867,66.4790308554365,5119.968405581574,big_sale,Friday
2024-08-17,117.76,135.22970348367144,0.04,840.5847323834741,1394.2122071026963,283.55814119453896,278.11211212489604,0,69.12585690292975,0,143.54766267141756,69.0241916156922,6268.788405049793,big_sale,Saturday
2024-08-18,127.68,100.43137499754873,0.04,890.778656651568,1457.5640037880135,319.4895371427184,374.28405287210325,0,68.7417305286051,0,134.8348133440369,64.23960927186033,6568.32440309537,big_sale,Sunday
2024-08-19,67.8,31.53780086622682,0.02,326.5522153381972,1043.6272231871903,310.5168618047005,348.61208275377123,0,18.527460722417924,0,96.66565750916806,14.071688958752318,3194.738727527567,bau,Monday
2024-08-20,49.51,58.858238522983214,0.02,280.0811020887945,1021.3160426718002,291.75139937633855,423.8991679954037,0,17.147058112554152,0,96.53155269259994,10.573587207508856,3081.2306377256477,bau,Tuesday
2024-08-21,43.02,66.44993348047416,0.02,141.5388236941208,1086.3761616863626,280.2009268056831,471.42165421128334,0,11.803889768751201,0,87.92399472710949,12.487919392169335,2852.5004852217,bau,Wednesday
2024-08-22,38.38,60.31799551888728,0.02,160.97777348323822,1023.3052724327777,323.6664880014955,311.9895068847845,0,7.049148463136915,0,100.27244363246281,17.013476492610025,3123.360385026556,bau,Thursday
2024-08-23,46.09,63.66548839527938,0.02,172.43088385239832,1066.3986969010584,269.8120944761725,254.28830623071752,0,6.768019623485834,0,96.89608243988118,8.2235209069054,2574.5345596521042,bau,Friday
2024-08-24,38.68,55.8554854651517,0.02,167.13318010533405,1092.8372767659425,308.60678005469305,221.5343105423948,0,11.128296015107274,0,97.6371479428035,13.312058654574702,2833.3113799781277,bau,Saturday
2024-08-25,35.61,70.64643323030161,0.02,211.93164787713388,1121.340468695802,289.0033704509756,241.97542338307875,-0,5.939100465017326,0,92.4196001973016,13.82997483513474,2878.6673026454137,bau,Sunday
2024-08-26,29.29,65.80758208433744,0.02,99.38587442108411,1083.5998754247764,293.2788659773301,251.1179634178485,0,6.022048865318243,0,104.60029754042063,13.000442968694504,2132.1723234583383,bau,Monday
2024-08-27,25.33,105.26514737666936,0.02,316.39720131780155,1155.052913095432,351.3179314148251,221.0805798124437,0,12.073264992025619,0,121.39145630043498,17.215946847615804,2499.8457169736002,bau,Tuesday
2024-08-28,34.74,97.58978754379847,0.01,441.184541630557,1042.9059023151767,331.6998534606518,246.4777420164035,0,8.46795785210875,0,114.85962600177525,19.215631949883402,2454.734182174191,bau,Wednesday
2024-08-29,70.65,199.67421339539075,0.03,902.7560889255582,1519.9200498311973,296.5134789948595,195.01228672793007,0,11.395893170710997,0,295.55273510521613,97.28640036889763,3876.122909086531,holiday_sale,Thursday
2024-08-30,71.76,195.12419270446986,0.02,1002.4820387190748,1718.0842527996265,287.80606391141686,237.69994523418538,0,9.38395399190377,0,295.6639473869027,104.14966857727077,4953.695165142831,holiday_sale,Friday
2024-08-31,75.8,154.20619789917973,0.02,1131.963522206751,1713.7812570285596,321.2668974806466,255.4033085512897,0,8.406186445481161,0,288.364400608729,103.51399021312024,6361.6901927973695,holiday_sale,Saturday
2024-09-01,90.95,192.16714321246403,0.01,1183.0646656737936,1745.226693373686,339.95470974518435,246.69200978335863,0,6.41133201909902,0,222.46210571622956,86.13097878793867,8043.885431582875,other_sale,Sunday
2024-09-02,131.6,176.3789986843092,0.02,1475.496493062409,1653.7602077297354,340.9815895817037,387.4732138018171,0,8.86424682864311,0,223.12200636977443,85.76471796926054,8764.777104506571,other_sale,Monday
2024-09-03,47.28,79.27707786309878,0.01,281.5392053929695,986.3260122033564,292.31744074365076,262.89123181109466,0,20.74547568344238,0,70.72686443092238,12.470199109351606,5432.364117681033,other_sale,Tuesday
2024-09-04,26.15,80.32987310256698,0.01,318.3772740069651,1123.10789938355,249.10645296326163,200.67494879280915,0,14.810450837410981,0,61.02088956012757,15.093063869421943,5467.571013493917,other_sale,Wednesday
2024-09-05,31.45,45.65637493477194,0.01,295.3287015789337,1212.3794507869388,300.4618189573682,198.34066216473872,0,15.36220689211249,0,66.73038784828691,11.781478635377605,5976.931815154229,other_sale,Thursday
2024-09-06,26.47,13.81750201310345,0.01,260.79614488233733,1136.222607986864,295.5330604295333,223.2018419857055,0,15.137583253808863,0,47.94087392665219,12.500531939282892,4628.450578970507,other_sale,Friday
2024-09-07,18.67,12.434729400952632,0.01,268.11448097462255,1143.9004666746107,277.3266680884616,142.58369257871792,0,48.35702490165876,0,42.37489635529748,15.155546129527478,4268.226064967249,other_sale,Saturday
2024-09-08,32.99,10.869280826058075,0.01,406.32023695977495,1241.111201234993,298.76036911986506,141.98053847494916,0,32.11268843151143,0,46.157854634246775,9.91337261829628,5916.946628169708,other_sale,Sunday
2024-09-09,22.41,31.518894473013297,0.01,291.1768568652636,1184.3684564187793,324.9699640910554,183.57474131456024,0,13.187073691613394,0,50.19810065194976,13.69836451893934,3583.120352200923,other_sale,Monday
2024-09-10,18.96,35.72855784555371,0.01,194.69449173018938,1350.5797983496352,256.97013355458853,200.54283600971334,0,17.836866028723023,0,45.60877527883869,9.780623021251015,2698.61003060466,other_sale,Tuesday
2024-09-11,20.98,73.05296890946333,0.01,509.6195171681398,1238.2742258614664,239.56140933337653,113.76279346009416,0,9.051912275608316,0,46.200476843224536,11.510604478046535,3130.8969734342595,other_sale,Wednesday
